Type,SubType,Width,Layout,Support,Trans,AE,Traffic,Span,All,ClassOW,Class,BestFitAll,BestFitClassOW,BestFitClass
Box,Stand,Wid12,Uni,Simp,p0,V,Uni2L,20,0.907557843,0.38258716,0.22219018,gevGumbel,LognormalTF,Lognormal
Box,Stand,Wid12,Uni,Simp,p0,V,Uni2L,30,0.774625275,0.364274848,0.211502014,gevGumbel,LognormalTF,LognormalTF
Box,Stand,Wid12,Uni,Simp,p0,V,Uni2L,40,0.668000636,0.327135688,0.211794739,gevGumbel,LognormalTF,LognormalTF
Box,Stand,Wid12,Uni,Simp,p0,V,Uni2L,50,0.58848284,0.295909285,0.210127902,gevGumbel,LognormalTF,LognormalTF
Box,Stand,Wid12,Uni,Simp,p0,V,Uni2L,60,0.528131519,0.27095563,0.206011284,gevGumbel,LognormalTF,LognormalTF
Box,Stand,Wid12,Uni,Simp,p0,V,Uni2L,70,0.482206606,0.251763803,0.200938343,gevGumbel,LognormalTF,LognormalTF
Box,Stand,Wid12,Uni,Simp,p0,V,Uni2L,80,0.446442407,0.236684427,0.195810486,gevGumbel,LognormalTF,LognormalTF
Box,Stand,Wid12,Uni,Simp,p0,Mp,Uni2L,20,0.856241972,0.339644735,0.128081659,gevGumbel,LognormalTF,LognormalTF
Box,Stand,Wid12,Uni,Simp,p0,Mp,Uni2L,30,0.750180729,0.339214403,0.171670084,gevGumbel,LognormalTF,LognormalTF
Box,Stand,Wid12,Uni,Simp,p0,Mp,Uni2L,40,0.64833549,0.306430388,0.173911247,gevGumbel,LognormalTF,LognormalTF
Box,Stand,Wid12,Uni,Simp,p0,Mp,Uni2L,50,0.567703122,0.273913443,0.167735576,gevGumbel,LognormalTF,LognormalTF
Box,Stand,Wid12,Uni,Simp,p0,Mp,Uni2L,60,0.505557346,0.247605567,0.164541982,gevGumbel,LognormalTF,LognormalTF
Box,Stand,Wid12,Uni,Simp,p0,Mp,Uni2L,70,0.456980552,0.2275762,0.163711989,gevGumbel,LognormalTF,LognormalTF
Box,Stand,Wid12,Uni,Simp,p0,Mp,Uni2L,80,0.418246097,0.212134522,0.129109248,gevGumbel,LognormalTF,Normal
Box,Stand,Wid12,Uni,Simp,p0,Mn,Uni2L,20,0.661292559,0.297520957,0.169554541,gevGumbel,LognormalTF,LognormalTF
Box,Stand,Wid12,Uni,Simp,p0,Mn,Uni2L,30,0.527832751,0.281046696,0.214219347,gevGumbel,LognormalTF,LognormalTF
Box,Stand,Wid12,Uni,Simp,p0,Mn,Uni2L,40,0.459402955,0.255039989,0.213676053,gevGumbel,LognormalTF,LognormalTF
Box,Stand,Wid12,Uni,Simp,p0,Mn,Uni2L,50,0.408179133,0.225395459,0.194611924,gevGumbel,LognormalTF,LognormalTF
Box,Stand,Wid12,Uni,Simp,p0,Mn,Uni2L,60,0.370062632,0.204561874,0.181683646,gevGumbel,LognormalTF,LognormalTF
Box,Stand,Wid12,Uni,Simp,p0,Mn,Uni2L,70,0.34044707,0.190378641,0.173424582,gevGumbel,LognormalTF,LognormalTF
Box,Stand,Wid12,Uni,Simp,p0,Mn,Uni2L,80,0.316806814,0.180491489,0.167076453,gevGumbel,LognormalTF,LognormalTF
Box,Stand,Wid12,Bi,Simp,p0,V,Bi2L,20,0.71175415,0.120137157,0.116631984,LognormalTF,Normal,LognormalTF
Box,Stand,Wid12,Bi,Simp,p0,V,Bi2L,30,0.6183306,0.197808974,0.177509522,gev,Normal,LognormalTF
Box,Stand,Wid12,Bi,Simp,p0,V,Bi2L,40,0.582004632,0.229336597,0.170354057,gev,LognormalTF,LognormalTF
Box,Stand,Wid12,Bi,Simp,p0,V,Bi2L,50,0.552730944,0.206659631,0.157221333,gev,LognormalTF,LognormalTF
Box,Stand,Wid12,Bi,Simp,p0,V,Bi2L,60,0.606907699,0.162709038,0.149944139,LognormalTF,Normal,LognormalTF
Box,Stand,Wid12,Bi,Simp,p0,V,Bi2L,70,0.568586086,0.152236216,0.147926638,LognormalTF,Normal,LognormalTF
Box,Stand,Wid12,Bi,Simp,p0,V,Bi2L,80,0.533129276,0.147364862,0.150987322,LognormalTF,Normal,LognormalTF
Box,Stand,Wid12,Bi,Simp,p0,Mp,Bi2L,20,0.58631697,-0.025943691,0.019781416,LognormalTF,gev,Normal
Box,Stand,Wid12,Bi,Simp,p0,Mp,Bi2L,30,0.561823497,0.105414243,0.151619612,gev,gev,LognormalTF
Box,Stand,Wid12,Bi,Simp,p0,Mp,Bi2L,40,0.544875972,0.177122777,0.152961767,gev,Normal,LognormalTF
Box,Stand,Wid12,Bi,Simp,p0,Mp,Bi2L,50,0.501827109,0.185534688,0.143166532,gev,LognormalTF,LognormalTF
Box,Stand,Wid12,Bi,Simp,p0,Mp,Bi2L,60,0.460526339,0.169530872,0.132567158,gev,LognormalTF,LognormalTF
Box,Stand,Wid12,Bi,Simp,p0,Mp,Bi2L,70,0.430292596,0.15676845,0.125658015,gev,LognormalTF,LognormalTF
Box,Stand,Wid12,Bi,Simp,p0,Mp,Bi2L,80,0.410812349,0.132832386,0.122417422,gev,Normal,LognormalTF
Box,Stand,Wid12,Bi,Simp,p0,Mn,Bi2L,20,0.646276664,0.131158114,0.126650562,LognormalTF,Normal,LognormalTF
Box,Stand,Wid12,Bi,Simp,p0,Mn,Bi2L,30,0.519579822,0.165561297,0.153481438,gev,Normal,LognormalTF
Box,Stand,Wid12,Bi,Simp,p0,Mn,Bi2L,40,0.606757182,0.157366027,0.149469696,gevGumbel,Normal,Normal
Box,Stand,Wid12,Bi,Simp,p0,Mn,Bi2L,50,0.527442844,0.137013057,0.126297551,gevGumbel,gev,gev
Box,Stand,Wid12,Bi,Simp,p0,Mn,Bi2L,60,0.461428038,0.118372122,0.118270414,gevGumbel,gev,gev
Box,Stand,Wid12,Bi,Simp,p0,Mn,Bi2L,70,0.398194992,0.117858204,0.117357706,LognormalTF,gev,gev
Box,Stand,Wid12,Bi,Simp,p0,Mn,Bi2L,80,0.351376099,0.132028865,0.119404744,gev,gev,gev
Box,Stand,Wid18,Bi,Simp,p0,V,Bi4L,20,0.770125447,0.363054633,0.279773112,gevGumbel,LognormalTF,LognormalTF
Box,Stand,Wid18,Bi,Simp,p0,V,Bi4L,30,0.667351463,0.346099708,0.290398037,gevGumbel,LognormalTF,LognormalTF
Box,Stand,Wid18,Bi,Simp,p0,V,Bi4L,40,0.578232795,0.314423614,0.275657655,gevGumbel,LognormalTF,LognormalTF
Box,Stand,Wid18,Bi,Simp,p0,V,Bi4L,50,0.435889437,0.285987891,0.211771862,LognormalTF,LognormalTF,Normal
Box,Stand,Wid18,Bi,Simp,p0,V,Bi4L,60,0.391313028,0.265490536,0.204404891,LognormalTF,LognormalTF,Normal
Box,Stand,Wid18,Bi,Simp,p0,V,Bi4L,70,0.341851937,0.211888757,0.197498708,Lognormal,Normal,Normal
Box,Stand,Wid18,Bi,Simp,p0,V,Bi4L,80,0.322061578,0.202990258,0.191841448,Lognormal,Normal,Normal
Box,Stand,Wid18,Bi,Simp,p0,Mp,Bi4L,20,0.726877433,0.262060696,0.252276693,gevGumbel,Normal,LognormalTF
Box,Stand,Wid18,Bi,Simp,p0,Mp,Bi4L,30,0.655359827,0.342671421,0.283279474,gevGumbel,LognormalTF,LognormalTF
Box,Stand,Wid18,Bi,Simp,p0,Mp,Bi4L,40,0.489631682,0.310960213,0.26947498,LognormalTF,LognormalTF,LognormalTF
Box,Stand,Wid18,Bi,Simp,p0,Mp,Bi4L,50,0.431222152,0.27985506,0.248894041,LognormalTF,LognormalTF,LognormalTF
Box,Stand,Wid18,Bi,Simp,p0,Mp,Bi4L,60,0.383491847,0.255492421,0.231206704,LognormalTF,LognormalTF,LognormalTF
Box,Stand,Wid18,Bi,Simp,p0,Mp,Bi4L,70,0.346077848,0.235957585,0.178601827,LognormalTF,LognormalTF,Normal
Box,Stand,Wid18,Bi,Simp,p0,Mp,Bi4L,80,0.316398952,0.220988264,0.171831776,LognormalTF,LognormalTF,Normal
Box,Stand,Wid18,Bi,Simp,p0,Mn,Bi4L,20,0.460775227,0.234728157,0.242348195,LognormalTF,Normal,LognormalTF
Box,Stand,Wid18,Bi,Simp,p0,Mn,Bi4L,30,0.391459537,0.228079333,0.205144269,LognormalTF,Normal,Normal
Box,Stand,Wid18,Bi,Simp,p0,Mn,Bi4L,40,0.334335729,0.212971504,0.200475596,Lognormal,Normal,Normal
Box,Stand,Wid18,Bi,Simp,p0,Mn,Bi4L,50,0.301963841,0.197325497,0.189598317,LognormalTF,Normal,Normal
Box,Stand,Wid18,Bi,Simp,p0,Mn,Bi4L,60,0.279332359,0.184977516,0.180461268,Lognormal,Normal,Normal
Box,Stand,Wid18,Bi,Simp,p0,Mn,Bi4L,70,0.261813722,0.175164259,0.171980752,Lognormal,Normal,Normal
Box,Stand,Wid18,Bi,Simp,p0,Mn,Bi4L,80,0.248936561,0.167184639,0.165030387,Lognormal,Normal,Normal
Twin,Stand,Wid9,Uni,Simp,p0,V,Uni2L,20,1.13306698,0.465104118,0.239465295,gevGumbel,gev,LognormalTF
Twin,Stand,Wid9,Uni,Simp,p0,V,Uni2L,30,0.907940278,0.400943381,0.220978897,gevGumbel,gev,LognormalTF
Twin,Stand,Wid9,Uni,Simp,p0,V,Uni2L,40,0.758439392,0.335643108,0.200127757,gevGumbel,gev,LognormalTF
Twin,Stand,Wid9,Uni,Simp,p0,V,Uni2L,50,0.653395485,0.288321832,0.187949007,gevGumbel,gev,LognormalTF
Twin,Stand,Wid9,Uni,Simp,p0,V,Uni2L,60,0.575092362,0.27516021,0.178206457,gevGumbel,gev,LognormalTF
Twin,Stand,Wid9,Uni,Simp,p0,V,Uni2L,70,0.516879541,0.269694473,0.171744112,gevGumbel,Normal,LognormalTF
Twin,Stand,Wid9,Uni,Simp,p0,V,Uni2L,80,0.472597283,0.242684751,0.169444693,gevGumbel,Normal,LognormalTF
Twin,Stand,Wid9,Uni,Simp,p0,Mp,Uni2L,20,1.081883837,0.415110539,0.207692391,gevGumbel,gev,LognormalTF
Twin,Stand,Wid9,Uni,Simp,p0,Mp,Uni2L,30,0.880548728,0.373974855,0.199307219,gevGumbel,gev,LognormalTF
Twin,Stand,Wid9,Uni,Simp,p0,Mp,Uni2L,40,0.728930845,0.319968312,0.173070832,gevGumbel,gev,LognormalTF
Twin,Stand,Wid9,Uni,Simp,p0,Mp,Uni2L,50,0.623902902,0.275617118,0.154313284,gevGumbel,gev,LognormalTF
Twin,Stand,Wid9,Uni,Simp,p0,Mp,Uni2L,60,0.547229145,0.245536975,0.142568132,gevGumbel,gev,LognormalTF
Twin,Stand,Wid9,Uni,Simp,p0,Mp,Uni2L,70,0.488114503,0.221596461,0.135302163,gevGumbel,gev,LognormalTF
Twin,Stand,Wid9,Uni,Simp,p0,Mp,Uni2L,80,0.440780078,0.201514199,0.13140086,gevGumbel,gev,LognormalTF
Twin,Stand,Wid9,Uni,Simp,p0,Mn,Uni2L,20,0.775642085,0.310751,0.200706387,gevGumbel,gev,LognormalTF
Twin,Stand,Wid9,Uni,Simp,p0,Mn,Uni2L,30,0.564327506,0.317742361,0.194122822,gevGumbel,Normal,LognormalTF
Twin,Stand,Wid9,Uni,Simp,p0,Mn,Uni2L,40,0.471682912,0.25275722,0.178010087,gevGumbel,Normal,LognormalTF
Twin,Stand,Wid9,Uni,Simp,p0,Mn,Uni2L,50,0.416549907,0.213227859,0.164096569,gevGumbel,Normal,LognormalTF
Twin,Stand,Wid9,Uni,Simp,p0,Mn,Uni2L,60,0.377557094,0.224686162,0.158293866,gevGumbel,LognormalTF,LognormalTF
Twin,Stand,Wid9,Uni,Simp,p0,Mn,Uni2L,70,0.348131889,0.204376862,0.159342163,gevGumbel,LognormalTF,LognormalTF
Twin,Stand,Wid9,Uni,Simp,p0,Mn,Uni2L,80,0.326136031,0.192105104,0.144046305,gevGumbel,LognormalTF,Normal
Twin,Stand,Wid9,Bi,Simp,p0,V,Bi2L,20,0.696099845,0.183938621,-0.113340782,gevGumbel,gev,Normal
Twin,Stand,Wid9,Bi,Simp,p0,V,Bi2L,30,0.695572901,0.22558177,0.026368939,gevGumbel,gev,LognormalTF
Twin,Stand,Wid9,Bi,Simp,p0,V,Bi2L,40,0.519815485,0.206626484,0.048382199,LognormalTF,gev,LognormalTF
Twin,Stand,Wid9,Bi,Simp,p0,V,Bi2L,50,0.478948914,0.18293919,0.054727118,LognormalTF,gev,LognormalTF
Twin,Stand,Wid9,Bi,Simp,p0,V,Bi2L,60,0.445682502,0.162470294,0.061383048,LognormalTF,gev,LognormalTF
Twin,Stand,Wid9,Bi,Simp,p0,V,Bi2L,70,0.415238767,0.147205,0.072635196,LognormalTF,gev,LognormalTF
Twin,Stand,Wid9,Bi,Simp,p0,V,Bi2L,80,0.448475284,0.136051951,0.070109872,gevGumbel,gev,Normal
Twin,Stand,Wid9,Bi,Simp,p0,Mp,Bi2L,20,0.638419722,0.125503524,-0.15832527,gevGumbel,gev,gev
Twin,Stand,Wid9,Bi,Simp,p0,Mp,Bi2L,30,0.660497388,0.188589396,-0.040509541,gevGumbel,gev,gev
Twin,Stand,Wid9,Bi,Simp,p0,Mp,Bi2L,40,0.503601829,0.183376339,0.044008569,LognormalTF,gev,LognormalTF
Twin,Stand,Wid9,Bi,Simp,p0,Mp,Bi2L,50,0.467753239,0.168077756,0.050717158,LognormalTF,gev,LognormalTF
Twin,Stand,Wid9,Bi,Simp,p0,Mp,Bi2L,60,0.389307035,0.152546033,0.053523679,gev,gev,LognormalTF
Twin,Stand,Wid9,Bi,Simp,p0,Mp,Bi2L,70,0.358888058,0.138755298,0.054977287,gev,gev,LognormalTF
Twin,Stand,Wid9,Bi,Simp,p0,Mp,Bi2L,80,0.338234546,0.140664318,0.057511291,gev,Lognormal,LognormalTF
Twin,Stand,Wid9,Bi,Simp,p0,Mn,Bi2L,20,0.512296917,0.155751505,0.016843871,Lognormal,gev,Normal
Twin,Stand,Wid9,Bi,Simp,p0,Mn,Bi2L,30,0.428174484,0.166500879,0.071225093,LognormalTF,gev,LognormalTF
Twin,Stand,Wid9,Bi,Simp,p0,Mn,Bi2L,40,0.46702313,0.14776333,0.093883558,gevGumbel,gev,Normal
Twin,Stand,Wid9,Bi,Simp,p0,Mn,Bi2L,50,0.411211555,0.135608295,0.091084006,gevGumbel,gev,gev
Twin,Stand,Wid9,Bi,Simp,p0,Mn,Bi2L,60,0.365597795,0.125429963,0.088375957,gevGumbel,Normal,gev
Twin,Stand,Wid9,Bi,Simp,p0,Mn,Bi2L,70,0.335306394,0.119277675,0.093018816,gevGumbel,Normal,gev
Twin,Stand,Wid9,Bi,Simp,p0,Mn,Bi2L,80,0.287387336,0.114010187,0.108967403,LognormalTF,Normal,Normal
Twin,Conc,Wid9,Uni,Simp,p0,V,Uni2L,20,1.023803042,0.48799199,0.178218634,gevGumbel,Normal,LognormalTF
Twin,Conc,Wid9,Uni,Simp,p0,V,Uni2L,30,0.83537002,0.423006067,0.229850889,gevGumbel,Normal,Lognormal
Twin,Conc,Wid9,Uni,Simp,p0,V,Uni2L,40,0.705225629,0.356380743,0.178148022,gevGumbel,Normal,LognormalTF
Twin,Conc,Wid9,Uni,Simp,p0,V,Uni2L,50,0.612240627,0.30577443,0.175310595,gevGumbel,Normal,LognormalTF
Twin,Conc,Wid9,Uni,Simp,p0,V,Uni2L,60,0.542671046,0.267942831,0.171927166,gevGumbel,Normal,LognormalTF
Twin,Conc,Wid9,Uni,Simp,p0,V,Uni2L,70,0.49072241,0.239803517,0.170316909,gevGumbel,Normal,LognormalTF
Twin,Conc,Wid9,Uni,Simp,p0,V,Uni2L,80,0.451018054,0.218666065,0.168728768,gevGumbel,Normal,LognormalTF
Twin,Conc,Wid9,Uni,Simp,p0,Mp,Uni2L,20,0.976247736,0.346761174,0.145101299,gevGumbel,gev,LognormalTF
Twin,Conc,Wid9,Uni,Simp,p0,Mp,Uni2L,30,0.809973009,0.406901411,0.158035263,gevGumbel,Normal,LognormalTF
Twin,Conc,Wid9,Uni,Simp,p0,Mp,Uni2L,40,0.67901574,0.344507214,0.147393872,gevGumbel,Normal,LognormalTF
Twin,Conc,Wid9,Uni,Simp,p0,Mp,Uni2L,50,0.585633178,0.295173898,0.13810211,gevGumbel,Normal,LognormalTF
Twin,Conc,Wid9,Uni,Simp,p0,Mp,Uni2L,60,0.516290136,0.25755897,0.133556433,gevGumbel,Normal,LognormalTF
Twin,Conc,Wid9,Uni,Simp,p0,Mp,Uni2L,70,0.462592548,0.22865583,0.131513915,gevGumbel,Normal,LognormalTF
Twin,Conc,Wid9,Uni,Simp,p0,Mp,Uni2L,80,0.419755323,0.206112328,0.131228819,gevGumbel,Normal,LognormalTF
Twin,Conc,Wid9,Uni,Simp,p0,Mn,Uni2L,20,0.716908347,0.2864307,0.168708341,gevGumbel,gev,LognormalTF
Twin,Conc,Wid9,Uni,Simp,p0,Mn,Uni2L,30,0.534463453,0.280227484,0.185770024,gevGumbel,Normal,LognormalTF
Twin,Conc,Wid9,Uni,Simp,p0,Mn,Uni2L,40,0.453402768,0.278071787,0.181285157,gevGumbel,LognormalTF,LognormalTF
Twin,Conc,Wid9,Uni,Simp,p0,Mn,Uni2L,50,0.402167386,0.237548905,0.165696121,gevGumbel,LognormalTF,LognormalTF
Twin,Conc,Wid9,Uni,Simp,p0,Mn,Uni2L,60,0.364569774,0.209477341,0.157387597,gevGumbel,LognormalTF,LognormalTF
Twin,Conc,Wid9,Uni,Simp,p0,Mn,Uni2L,70,0.336658292,0.192019591,0.155167274,gevGumbel,LognormalTF,LognormalTF
Twin,Conc,Wid9,Uni,Simp,p0,Mn,Uni2L,80,0.315072661,0.181796367,0.136894746,gevGumbel,LognormalTF,Normal
Twin,Conc,Wid9,Bi,Simp,p0,V,Bi2L,20,0.681476012,0.058347082,-0.024851294,gevGumbel,Normal,LognormalTF
Twin,Conc,Wid9,Bi,Simp,p0,V,Bi2L,30,0.598948387,0.13905978,0.068582137,LognormalTF,Normal,LognormalTF
Twin,Conc,Wid9,Bi,Simp,p0,V,Bi2L,40,0.562954981,0.143197703,0.084690797,LognormalTF,Normal,LognormalTF
Twin,Conc,Wid9,Bi,Simp,p0,V,Bi2L,50,0.460237248,0.133515715,0.084491614,gev,Normal,LognormalTF
Twin,Conc,Wid9,Bi,Simp,p0,V,Bi2L,60,0.490539073,0.12348276,0.087151,LognormalTF,Normal,LognormalTF
Twin,Conc,Wid9,Bi,Simp,p0,V,Bi2L,70,0.506612657,0.1164428,0.094090465,gevGumbel,Normal,LognormalTF
Twin,Conc,Wid9,Bi,Simp,p0,V,Bi2L,80,0.477815137,0.113507198,0.102737805,gevGumbel,Normal,LognormalTF
Twin,Conc,Wid9,Bi,Simp,p0,Mp,Bi2L,20,0.613065435,0.014850939,-0.15942197,gevGumbel,gev,gev
Twin,Conc,Wid9,Bi,Simp,p0,Mp,Bi2L,30,0.556636579,0.118411314,0.055129307,LognormalTF,Normal,LognormalTF
Twin,Conc,Wid9,Bi,Simp,p0,Mp,Bi2L,40,0.546870736,0.130531693,0.074805364,LognormalTF,Normal,LognormalTF
Twin,Conc,Wid9,Bi,Simp,p0,Mp,Bi2L,50,0.444541586,0.126144306,0.077719076,gev,Normal,LognormalTF
Twin,Conc,Wid9,Bi,Simp,p0,Mp,Bi2L,60,0.408824573,0.118056702,0.077355569,gev,Normal,LognormalTF
Twin,Conc,Wid9,Bi,Simp,p0,Mp,Bi2L,70,0.381189071,0.109542508,0.076270679,gev,Normal,LognormalTF
Twin,Conc,Wid9,Bi,Simp,p0,Mp,Bi2L,80,0.362531006,0.102062463,0.076941408,gev,Normal,LognormalTF
Twin,Conc,Wid9,Bi,Simp,p0,Mn,Bi2L,20,0.493287167,0.101676556,0.055586135,gev,Normal,LognormalTF
Twin,Conc,Wid9,Bi,Simp,p0,Mn,Bi2L,30,0.471719235,0.128159118,0.091012935,LognormalTF,Normal,LognormalTF
Twin,Conc,Wid9,Bi,Simp,p0,Mn,Bi2L,40,0.506534104,0.127936883,0.102878424,gevGumbel,gev,Normal
Twin,Conc,Wid9,Bi,Simp,p0,Mn,Bi2L,50,0.445115617,0.121891277,0.096593026,gevGumbel,gev,gev
Twin,Conc,Wid9,Bi,Simp,p0,Mn,Bi2L,60,0.392499631,0.113297197,0.097469706,gevGumbel,gev,gev
Twin,Conc,Wid9,Bi,Simp,p0,Mn,Bi2L,70,0.360683576,0.100638645,0.098779333,gevGumbel,gev,gev
Twin,Conc,Wid9,Bi,Simp,p0,Mn,Bi2L,80,0.31589005,0.106582898,0.105924486,LognormalTF,gev,gev
Multi,Stand,Wid108,Uni,Simp,P1,V,Uni2L,20,1.406278728,0.553655911,0.440058921,gevGumbel,gev,LognormalTF
Multi,Stand,Wid108,Uni,Simp,P1,V,Uni2L,30,1.038017812,0.422373265,0.31079449,gevGumbel,gev,LognormalTF
Multi,Stand,Wid108,Uni,Simp,P1,Mp,Uni2L,20,0.879680912,0.379648901,0.09413601,gevGumbel,LognormalTF,LognormalTF
Multi,Stand,Wid108,Uni,Simp,P1,Mp,Uni2L,30,0.899340109,0.390232916,0.210375706,gevGumbel,gev,LognormalTF
Multi,Stand,Wid108,Uni,Simp,P1,Mn,Uni2L,20,0.880820085,0.33767396,0.255341811,gevGumbel,gev,LognormalTF
Multi,Stand,Wid108,Uni,Simp,P1,Mn,Uni2L,30,0.637647535,0.283752367,0.19573809,gevGumbel,gev,LognormalTF
Multi,Stand,Wid108,Uni,Simp,P2,V,Uni2L,20,0.751473104,0.15411667,0.024732521,gevGumbel,LognormalTF,LognormalTF
Multi,Stand,Wid108,Uni,Simp,P2,V,Uni2L,30,0.706798075,0.238091121,0.092509841,gevGumbel,LognormalTF,LognormalTF
Multi,Stand,Wid108,Uni,Simp,P2,Mp,Uni2L,20,0.881850206,0.386689003,0.078698048,gevGumbel,LognormalTF,LognormalTF
Multi,Stand,Wid108,Uni,Simp,P2,Mp,Uni2L,30,0.770211338,0.349668078,0.133555401,gevGumbel,Normal,LognormalTF
Multi,Stand,Wid108,Uni,Simp,P2,Mn,Uni2L,20,0.672102334,0.30962612,0.202919754,gevGumbel,LognormalTF,Lognormal
Multi,Stand,Wid108,Uni,Simp,P2,Mn,Uni2L,30,0.564993401,0.27504737,0.174090277,gevGumbel,Normal,LognormalTF
Multi,Stand,Wid108,Uni,Simp,P3,V,Uni2L,20,1.075344408,0.100808806,-0.014226885,gevGumbel,gev,Normal
Multi,Stand,Wid108,Uni,Simp,P3,V,Uni2L,30,1.004844952,0.202095532,0.092516224,gevGumbel,gev,Normal
Multi,Stand,Wid108,Uni,Simp,P3,Mp,Uni2L,20,0.827916633,0.318405276,0.018460247,gevGumbel,LognormalTF,LognormalTF
Multi,Stand,Wid108,Uni,Simp,P3,Mp,Uni2L,30,0.80480905,0.37922505,0.13030882,gevGumbel,Normal,LognormalTF
Multi,Stand,Wid108,Uni,Simp,P3,Mn,Uni2L,20,0.746766949,0.263283238,0.172683328,gevGumbel,gev,LognormalTF
Multi,Stand,Wid108,Uni,Simp,P3,Mn,Uni2L,30,0.574085653,0.22869453,0.156078892,gevGumbel,gev,LognormalTF
Multi,Stand,Wid108,Bi,Simp,P1,V,Bi2L,20,0.960564871,0.390850602,0.05232081,gevGumbel,gev,Lognormal
Multi,Stand,Wid108,Bi,Simp,P1,V,Bi2L,30,0.641905853,0.316949007,0.023103634,Lognormal,gev,gev
Multi,Stand,Wid108,Bi,Simp,P1,Mp,Bi2L,20,0.609153033,-0.086680254,-0.131049335,gevGumbel,gev,gev
Multi,Stand,Wid108,Bi,Simp,P1,Mp,Bi2L,30,0.666023428,0.180698869,-0.038545564,gevGumbel,gev,gev
Multi,Stand,Wid108,Bi,Simp,P1,Mn,Bi2L,20,0.537476559,0.249101318,0.047062924,LognormalTF,gev,Lognormal
Multi,Stand,Wid108,Bi,Simp,P1,Mn,Bi2L,30,0.447297032,0.202372433,0.050291986,LognormalTF,gev,Normal
Multi,Stand,Wid108,Bi,Simp,P2,V,Bi2L,20,0.267589373,-0.279670428,-0.284973116,gev,gev,gev
Multi,Stand,Wid108,Bi,Simp,P2,V,Bi2L,30,0.386157589,-0.083879655,-0.088599235,gev,gev,gev
Multi,Stand,Wid108,Bi,Simp,P2,Mp,Bi2L,20,0.553900724,-0.084850754,-0.186913071,gevGumbel,gev,gev
Multi,Stand,Wid108,Bi,Simp,P2,Mp,Bi2L,30,0.554432773,0.099842308,0.060430026,LognormalTF,Normal,LognormalTF
Multi,Stand,Wid108,Bi,Simp,P2,Mn,Bi2L,20,0.632284146,0.162099529,0.123671131,LognormalTF,LognormalTF,LognormalTF
Multi,Stand,Wid108,Bi,Simp,P2,Mn,Bi2L,30,0.450746826,0.150171479,0.119067723,gev,Normal,LognormalTF
Multi,Stand,Wid108,Bi,Simp,P3,V,Bi2L,20,0.264760081,-0.192865443,-0.300907264,LognormalTF,gev,LognormalTF
Multi,Stand,Wid108,Bi,Simp,P3,V,Bi2L,30,0.38921091,-0.021839696,-0.134394434,LognormalTF,gev,LognormalTF
Multi,Stand,Wid108,Bi,Simp,P3,Mp,Bi2L,20,0.508260541,-0.188738189,-0.242570118,gevGumbel,gev,gev
Multi,Stand,Wid108,Bi,Simp,P3,Mp,Bi2L,30,0.513748816,0.06551612,-0.055068424,LognormalTF,Normal,gev
Multi,Stand,Wid108,Bi,Simp,P3,Mn,Bi2L,20,0.50203456,0.121942621,0.051289103,gev,gev,LognormalTF
Multi,Stand,Wid108,Bi,Simp,P3,Mn,Bi2L,30,0.436839073,0.123959083,0.080803372,gev,Normal,LognormalTF
Slab,Long,Wid9,Uni,Fixed,p1,V,Uni2L,15,1.433728387,0.331308015,0.205506516,gevGumbel,gev,Normal
Slab,Long,Wid9,Uni,Fixed,p1,V,Uni2L,20,1.316838581,0.444219377,0.336891574,gevGumbel,gev,LognormalTF
Slab,Long,Wid9,Uni,Fixed,p1,V,Uni2L,25,1.160856418,0.437559331,0.306802401,gevGumbel,gev,LognormalTF
Slab,Long,Wid9,Uni,Fixed,p1,V,Uni2L,30,1.022302659,0.400983509,0.271092546,gevGumbel,gev,LognormalTF
Slab,Long,Wid9,Uni,Fixed,p1,Mp,Uni2L,15,0.576617118,0.056686629,-0.294557029,Lognormal,Normal,LognormalTF
Slab,Long,Wid9,Uni,Fixed,p1,Mp,Uni2L,20,0.870075793,0.250002553,-0.06441948,gevGumbel,Normal,LognormalTF
Slab,Long,Wid9,Uni,Fixed,p1,Mp,Uni2L,25,0.818606939,0.266854439,-0.008213642,gevGumbel,Normal,LognormalTF
Slab,Long,Wid9,Uni,Fixed,p1,Mp,Uni2L,30,0.809356121,0.344280045,0.060670136,gevGumbel,LognormalTF,LognormalTF
Slab,Long,Wid9,Uni,Fixed,p1,Mn,Uni2L,15,1.346354986,0.454361439,0.314925517,gevGumbel,gev,LognormalTF
Slab,Long,Wid9,Uni,Fixed,p1,Mn,Uni2L,20,1.184383754,0.448931418,0.288918765,gevGumbel,gev,LognormalTF
Slab,Long,Wid9,Uni,Fixed,p1,Mn,Uni2L,25,1.017629997,0.407204164,0.241848094,gevGumbel,gev,LognormalTF
Slab,Long,Wid9,Uni,Fixed,p1,Mn,Uni2L,30,0.885370974,0.381292937,0.211475307,gevGumbel,gev,LognormalTF
Slab,Long,Wid9,Uni,Fixed,p1,MxMid,Uni2L,15,0.914787653,0.374325401,-0.036729636,LognormalTF,gev,Normal
Slab,Long,Wid9,Uni,Fixed,p1,MxMid,Uni2L,20,0.840723775,0.448382397,0.082168955,LognormalTF,gev,Normal
Slab,Long,Wid9,Uni,Fixed,p1,MxMid,Uni2L,25,1.236576062,0.408280338,0.017936596,gevGumbel,gev,Normal
Slab,Long,Wid9,Uni,Fixed,p1,MxMid,Uni2L,30,1.252794237,0.430109122,0.079678224,gevGumbel,gev,Normal
Slab,Long,Wid9,Uni,Fixed,p1,MxEdg,Uni2L,15,1.342161318,0.454487586,0.310257507,gevGumbel,gev,LognormalTF
Slab,Long,Wid9,Uni,Fixed,p1,MxEdg,Uni2L,20,1.180372813,0.447195744,0.285929786,gevGumbel,gev,LognormalTF
Slab,Long,Wid9,Uni,Fixed,p1,MxEdg,Uni2L,25,1.015840488,0.409281151,0.241221122,gevGumbel,gev,LognormalTF
Slab,Long,Wid9,Uni,Fixed,p1,MxEdg,Uni2L,30,0.881545776,0.38014802,0.210160025,gevGumbel,gev,LognormalTF
Slab,Long,Wid9,Uni,Fixed,p2,V,Uni2L,15,1.156516211,0.158428811,-0.020425352,gevGumbel,gev,Normal
Slab,Long,Wid9,Uni,Fixed,p2,V,Uni2L,20,1.066173279,0.236361556,0.136326626,gevGumbel,gev,LognormalTF
Slab,Long,Wid9,Uni,Fixed,p2,V,Uni2L,25,0.953707283,0.252415351,0.137034152,gevGumbel,gev,LognormalTF
Slab,Long,Wid9,Uni,Fixed,p2,V,Uni2L,30,0.846493128,0.26130976,0.128449885,gevGumbel,gev,LognormalTF
Slab,Long,Wid9,Uni,Fixed,p2,Mp,Uni2L,15,0.296516801,-0.16968374,-0.460573819,Lognormal,Normal,LognormalTF
Slab,Long,Wid9,Uni,Fixed,p2,Mp,Uni2L,20,0.754705255,0.127276001,-0.132557676,gevGumbel,Normal,LognormalTF
Slab,Long,Wid9,Uni,Fixed,p2,Mp,Uni2L,25,0.732458215,0.166264569,-0.064664623,gevGumbel,Normal,LognormalTF
Slab,Long,Wid9,Uni,Fixed,p2,Mp,Uni2L,30,0.761981659,0.290403833,0.040356524,gevGumbel,LognormalTF,LognormalTF
Slab,Long,Wid9,Uni,Fixed,p2,Mn,Uni2L,15,1.184135701,0.36855577,0.218950089,gevGumbel,gev,LognormalTF
Slab,Long,Wid9,Uni,Fixed,p2,Mn,Uni2L,20,1.076339217,0.398084136,0.234483232,gevGumbel,gev,LognormalTF
Slab,Long,Wid9,Uni,Fixed,p2,Mn,Uni2L,25,0.939460709,0.471064831,0.21814329,gevGumbel,Normal,LognormalTF
Slab,Long,Wid9,Uni,Fixed,p2,Mn,Uni2L,30,0.834720409,0.40446,0.212276388,gevGumbel,Normal,LognormalTF
Slab,Long,Wid9,Uni,Fixed,p2,MxMid,Uni2L,15,0.860176197,0.478575248,0.163446725,LognormalTF,gev,Normal
Slab,Long,Wid9,Uni,Fixed,p2,MxMid,Uni2L,20,1.447201409,0.508043513,0.38021,gevGumbel,gev,LognormalTF
Slab,Long,Wid9,Uni,Fixed,p2,MxMid,Uni2L,25,1.27465788,0.459007385,0.270305506,gevGumbel,gev,LognormalTF
Slab,Long,Wid9,Uni,Fixed,p2,MxMid,Uni2L,30,1.314135245,0.474908692,0.334324008,gevGumbel,gev,LognormalTF
Slab,Long,Wid9,Uni,Fixed,p2,MxEdg,Uni2L,15,1.194294095,0.378798995,0.226075135,gevGumbel,gev,LognormalTF
Slab,Long,Wid9,Uni,Fixed,p2,MxEdg,Uni2L,20,1.077730312,0.401367321,0.233594507,gevGumbel,gev,LognormalTF
Slab,Long,Wid9,Uni,Fixed,p2,MxEdg,Uni2L,25,0.937635027,0.469680798,0.21746115,gevGumbel,Normal,LognormalTF
Slab,Long,Wid9,Uni,Fixed,p2,MxEdg,Uni2L,30,0.832349511,0.401987063,0.211974103,gevGumbel,Normal,LognormalTF
Slab,Long,Wid9,Uni,Fixed,p3,V,Uni2L,15,0.577956573,-0.17937898,-0.211954138,gevGumbel,Normal,Lognormal
Slab,Long,Wid9,Uni,Fixed,p3,V,Uni2L,20,0.674056026,0.021843048,-0.063977124,gevGumbel,Normal,LognormalTF
Slab,Long,Wid9,Uni,Fixed,p3,V,Uni2L,25,0.69125657,0.166142558,0.026067546,gevGumbel,LognormalTF,LognormalTF
Slab,Long,Wid9,Uni,Fixed,p3,V,Uni2L,30,0.664025299,0.197409301,0.070375068,gevGumbel,LognormalTF,LognormalTF
Slab,Long,Wid9,Uni,Fixed,p3,Mp,Uni2L,15,0.384946678,-0.251245394,-0.454113933,gevGumbel,LognormalTF,LognormalTF
Slab,Long,Wid9,Uni,Fixed,p3,Mp,Uni2L,20,0.64213934,0.053218671,-0.143555616,gevGumbel,LognormalTF,LognormalTF
Slab,Long,Wid9,Uni,Fixed,p3,Mp,Uni2L,25,0.685315198,0.154129262,-0.042434948,gevGumbel,LognormalTF,LognormalTF
Slab,Long,Wid9,Uni,Fixed,p3,Mp,Uni2L,30,0.718641061,0.224450685,0.044279742,gevGumbel,LognormalTF,LognormalTF
Slab,Long,Wid9,Uni,Fixed,p3,Mn,Uni2L,15,1.008598544,0.411862734,0.182477744,gevGumbel,LognormalTF,LognormalTF
Slab,Long,Wid9,Uni,Fixed,p3,Mn,Uni2L,20,0.982974434,0.456268557,0.236119809,gevGumbel,LognormalTF,LognormalTF
Slab,Long,Wid9,Uni,Fixed,p3,Mn,Uni2L,25,0.905666238,0.442681771,0.247909633,gevGumbel,LognormalTF,LognormalTF
Slab,Long,Wid9,Uni,Fixed,p3,Mn,Uni2L,30,0.830356202,0.415807693,0.249209984,gevGumbel,LognormalTF,LognormalTF
Slab,Long,Wid9,Uni,Fixed,p3,MxMid,Uni2L,15,0.462424983,-0.165850145,-0.368716032,gevGumbel,LognormalTF,LognormalTF
Slab,Long,Wid9,Uni,Fixed,p3,MxMid,Uni2L,20,0.594523852,0.001775433,-0.184568987,gevGumbel,LognormalTF,LognormalTF
Slab,Long,Wid9,Uni,Fixed,p3,MxMid,Uni2L,25,0.552911306,-0.010467599,-0.197179456,gevGumbel,LognormalTF,LognormalTF
Slab,Long,Wid9,Uni,Fixed,p3,MxMid,Uni2L,30,0.605427712,0.052430653,-0.115573124,gevGumbel,LognormalTF,Lognormal
Slab,Long,Wid9,Uni,Fixed,p3,MxEdg,Uni2L,15,1.016861626,0.419471391,0.18995968,gevGumbel,LognormalTF,LognormalTF
Slab,Long,Wid9,Uni,Fixed,p3,MxEdg,Uni2L,20,0.981955489,0.454854358,0.234421086,gevGumbel,LognormalTF,LognormalTF
Slab,Long,Wid9,Uni,Fixed,p3,MxEdg,Uni2L,25,0.908125011,0.445599817,0.252709617,gevGumbel,LognormalTF,LognormalTF
Slab,Long,Wid9,Uni,Fixed,p3,MxEdg,Uni2L,30,0.828937549,0.414934557,0.248608438,gevGumbel,LognormalTF,LognormalTF
Slab,Long,Wid9,Uni,Semi,p1,V,Uni2L,15,1.121847614,0.125508659,-0.008283024,gevGumbel,gev,Normal
Slab,Long,Wid9,Uni,Semi,p1,V,Uni2L,20,0.990474333,0.189358256,0.103829195,gevGumbel,gev,LognormalTF
Slab,Long,Wid9,Uni,Semi,p1,V,Uni2L,25,0.863784059,0.216588071,0.094824638,gevGumbel,gev,LognormalTF
Slab,Long,Wid9,Uni,Semi,p1,V,Uni2L,30,0.761473318,0.213455799,0.086989651,gevGumbel,gev,LognormalTF
Slab,Long,Wid9,Uni,Semi,p1,Mp,Uni2L,15,0.858813498,0.22173883,-0.094670253,gevGumbel,Normal,LognormalTF
Slab,Long,Wid9,Uni,Semi,p1,Mp,Uni2L,20,0.877268877,0.366091818,0.053472811,gevGumbel,LognormalTF,LognormalTF
Slab,Long,Wid9,Uni,Semi,p1,Mp,Uni2L,25,0.802917355,0.349578155,0.086125594,gevGumbel,LognormalTF,LognormalTF
Slab,Long,Wid9,Uni,Semi,p1,Mp,Uni2L,30,0.760960885,0.351484884,0.12091707,gevGumbel,LognormalTF,LognormalTF
Slab,Long,Wid9,Uni,Semi,p1,Mn,Uni2L,15,1.148960784,0.378960827,0.225385517,gevGumbel,gev,LognormalTF
Slab,Long,Wid9,Uni,Semi,p1,Mn,Uni2L,20,1.003923183,0.490496658,0.221982609,gevGumbel,Normal,LognormalTF
Slab,Long,Wid9,Uni,Semi,p1,Mn,Uni2L,25,0.882749773,0.416015693,0.225629386,gevGumbel,Normal,LognormalTF
Slab,Long,Wid9,Uni,Semi,p1,Mn,Uni2L,30,0.790904801,0.429507064,0.221952739,gevGumbel,LognormalTF,LognormalTF
Slab,Long,Wid9,Uni,Semi,p1,MxMid,Uni2L,15,0.880667213,0.431522812,0.029352607,LognormalTF,gev,Normal
Slab,Long,Wid9,Uni,Semi,p1,MxMid,Uni2L,20,1.334881929,0.462791165,0.105660786,gevGumbel,gev,Normal
Slab,Long,Wid9,Uni,Semi,p1,MxMid,Uni2L,25,1.218305323,0.411298224,0.032185249,gevGumbel,gev,Normal
Slab,Long,Wid9,Uni,Semi,p1,MxMid,Uni2L,30,1.217601026,0.41698675,0.070595277,gevGumbel,gev,Normal
Slab,Long,Wid9,Uni,Semi,p1,MxEdg,Uni2L,15,1.165640036,0.390022012,0.236421041,gevGumbel,gev,LognormalTF
Slab,Long,Wid9,Uni,Semi,p1,MxEdg,Uni2L,20,1.004948318,0.397525142,0.218631417,gevGumbel,gev,LognormalTF
Slab,Long,Wid9,Uni,Semi,p1,MxEdg,Uni2L,25,0.874481176,0.412198234,0.222523683,gevGumbel,Normal,LognormalTF
Slab,Long,Wid9,Uni,Semi,p1,MxEdg,Uni2L,30,0.788140832,0.429357953,0.22386376,gevGumbel,LognormalTF,LognormalTF
Slab,Long,Wid9,Uni,Semi,p2,V,Uni2L,15,0.963925198,0.102227889,-0.132997299,gevGumbel,gev,Normal
Slab,Long,Wid9,Uni,Semi,p2,V,Uni2L,20,0.890651909,0.181910384,0.030191346,gevGumbel,gev,LognormalTF
Slab,Long,Wid9,Uni,Semi,p2,V,Uni2L,25,0.801068289,0.196416946,0.048384961,gevGumbel,gev,LognormalTF
Slab,Long,Wid9,Uni,Semi,p2,V,Uni2L,30,0.722174393,0.194300731,0.057235069,gevGumbel,gev,LognormalTF
Slab,Long,Wid9,Uni,Semi,p2,Mp,Uni2L,15,0.734374053,0.085172068,-0.180841243,gevGumbel,Normal,LognormalTF
Slab,Long,Wid9,Uni,Semi,p2,Mp,Uni2L,20,0.822272594,0.30672484,0.02897439,gevGumbel,LognormalTF,LognormalTF
Slab,Long,Wid9,Uni,Semi,p2,Mp,Uni2L,25,0.763633424,0.302450657,0.065681878,gevGumbel,LognormalTF,LognormalTF
Slab,Long,Wid9,Uni,Semi,p2,Mp,Uni2L,30,0.742629164,0.324516816,0.118212099,gevGumbel,LognormalTF,LognormalTF
Slab,Long,Wid9,Uni,Semi,p2,Mn,Uni2L,15,1.086195031,0.376662086,0.206527825,gevGumbel,gev,LognormalTF
Slab,Long,Wid9,Uni,Semi,p2,Mn,Uni2L,20,0.981052771,0.4498019,0.228300986,gevGumbel,Normal,LognormalTF
Slab,Long,Wid9,Uni,Semi,p2,Mn,Uni2L,25,0.876659433,0.460976487,0.23714717,gevGumbel,LognormalTF,LognormalTF
Slab,Long,Wid9,Uni,Semi,p2,Mn,Uni2L,30,0.792101907,0.415609659,0.234811975,gevGumbel,LognormalTF,LognormalTF
Slab,Long,Wid9,Uni,Semi,p2,MxMid,Uni2L,15,1.414991589,0.481883177,0.175283799,gevGumbel,gev,Normal
Slab,Long,Wid9,Uni,Semi,p2,MxMid,Uni2L,20,1.399504021,0.501762009,0.36842425,gevGumbel,gev,LognormalTF
Slab,Long,Wid9,Uni,Semi,p2,MxMid,Uni2L,25,1.240770256,0.448107759,0.267626247,gevGumbel,gev,LognormalTF
Slab,Long,Wid9,Uni,Semi,p2,MxMid,Uni2L,30,1.281466069,0.468804368,0.325645664,gevGumbel,gev,LognormalTF
Slab,Long,Wid9,Uni,Semi,p2,MxEdg,Uni2L,15,1.132186849,0.395978513,0.228471403,gevGumbel,gev,LognormalTF
Slab,Long,Wid9,Uni,Semi,p2,MxEdg,Uni2L,20,0.983299257,0.461234744,0.222127662,gevGumbel,Normal,LognormalTF
Slab,Long,Wid9,Uni,Semi,p2,MxEdg,Uni2L,25,0.869689328,0.463826429,0.23396436,gevGumbel,LognormalTF,LognormalTF
Slab,Long,Wid9,Uni,Semi,p2,MxEdg,Uni2L,30,0.785572032,0.413150682,0.23342542,gevGumbel,LognormalTF,LognormalTF
Slab,Long,Wid9,Uni,Semi,p3,V,Uni2L,15,0.597134478,-0.125668855,-0.191587026,gevGumbel,Normal,LognormalTF
Slab,Long,Wid9,Uni,Semi,p3,V,Uni2L,20,0.656168833,0.031372606,-0.05109081,gevGumbel,Normal,LognormalTF
Slab,Long,Wid9,Uni,Semi,p3,V,Uni2L,25,0.645329623,0.142021864,0.012477935,gevGumbel,LognormalTF,LognormalTF
Slab,Long,Wid9,Uni,Semi,p3,V,Uni2L,30,0.611887821,0.162097727,0.044349093,gevGumbel,LognormalTF,LognormalTF
Slab,Long,Wid9,Uni,Semi,p3,Mp,Uni2L,15,0.656721549,0.060257251,-0.16733793,gevGumbel,LognormalTF,Lognormal
Slab,Long,Wid9,Uni,Semi,p3,Mp,Uni2L,20,0.770037741,0.233122845,0.029749984,gevGumbel,LognormalTF,LognormalTF
Slab,Long,Wid9,Uni,Semi,p3,Mp,Uni2L,25,0.747924733,0.269370056,0.083343175,gevGumbel,LognormalTF,LognormalTF
Slab,Long,Wid9,Uni,Semi,p3,Mp,Uni2L,30,0.726628443,0.292024373,0.124238379,gevGumbel,LognormalTF,LognormalTF
Slab,Long,Wid9,Uni,Semi,p3,Mn,Uni2L,15,1.025325175,0.449201945,0.215873123,gevGumbel,LognormalTF,LognormalTF
Slab,Long,Wid9,Uni,Semi,p3,Mn,Uni2L,20,0.964749448,0.460994929,0.247800909,gevGumbel,LognormalTF,LognormalTF
Slab,Long,Wid9,Uni,Semi,p3,Mn,Uni2L,25,0.877407545,0.437285785,0.25630245,gevGumbel,LognormalTF,LognormalTF
Slab,Long,Wid9,Uni,Semi,p3,Mn,Uni2L,30,0.796123377,0.401883086,0.249029759,gevGumbel,LognormalTF,LognormalTF
Slab,Long,Wid9,Uni,Semi,p3,MxMid,Uni2L,15,0.529296613,-0.08350951,-0.291882147,gevGumbel,LognormalTF,LognormalTF
Slab,Long,Wid9,Uni,Semi,p3,MxMid,Uni2L,20,0.613633777,0.036111843,-0.148118428,gevGumbel,LognormalTF,Lognormal
Slab,Long,Wid9,Uni,Semi,p3,MxMid,Uni2L,25,0.565352485,0.015505559,-0.168983975,gevGumbel,LognormalTF,LognormalTF
Slab,Long,Wid9,Uni,Semi,p3,MxMid,Uni2L,30,0.599716581,0.056832267,-0.105158545,gevGumbel,LognormalTF,Lognormal
Slab,Long,Wid9,Uni,Semi,p3,MxEdg,Uni2L,15,1.025328056,0.449372191,0.20751672,gevGumbel,LognormalTF,LognormalTF
Slab,Long,Wid9,Uni,Semi,p3,MxEdg,Uni2L,20,0.968940661,0.468647081,0.257395691,gevGumbel,LognormalTF,LognormalTF
Slab,Long,Wid9,Uni,Semi,p3,MxEdg,Uni2L,25,0.869572544,0.433423539,0.253902168,gevGumbel,LognormalTF,LognormalTF
Slab,Long,Wid9,Uni,Semi,p3,MxEdg,Uni2L,30,0.79550604,0.404168397,0.254311252,gevGumbel,LognormalTF,LognormalTF
Slab,Long,Wid9,Bi,Fixed,p1,V,Bi2L,15,0.624573762,0.02297213,-0.158132097,gevGumbel,gev,Lognormal
Slab,Long,Wid9,Bi,Fixed,p1,V,Bi2L,20,0.793168248,0.226056925,-0.03674544,gevGumbel,gev,Lognormal
Slab,Long,Wid9,Bi,Fixed,p1,V,Bi2L,25,0.83537967,0.278698174,-0.036987918,gevGumbel,gev,Normal
Slab,Long,Wid9,Bi,Fixed,p1,V,Bi2L,30,0.624070554,0.281300087,0.016492662,LognormalTF,gev,Normal
Slab,Long,Wid9,Bi,Fixed,p1,Mp,Bi2L,15,0.102660223,-0.62080827,-0.642834041,gevGumbel,gev,LognormalTF
Slab,Long,Wid9,Bi,Fixed,p1,Mp,Bi2L,20,0.331323284,-0.341835577,-0.409074408,gevGumbel,gev,Normal
Slab,Long,Wid9,Bi,Fixed,p1,Mp,Bi2L,25,0.45087905,-0.214532268,-0.319030431,gevGumbel,gev,gev
Slab,Long,Wid9,Bi,Fixed,p1,Mp,Bi2L,30,0.544046314,-0.106449526,-0.167568248,gevGumbel,gev,gev
Slab,Long,Wid9,Bi,Fixed,p1,Mn,Bi2L,15,0.688113649,0.111901978,-0.162625976,gevGumbel,gev,gev
Slab,Long,Wid9,Bi,Fixed,p1,Mn,Bi2L,20,0.77849564,0.21326123,-0.073373994,gevGumbel,gev,gev
Slab,Long,Wid9,Bi,Fixed,p1,Mn,Bi2L,25,0.796648398,0.227130501,0.030272004,gevGumbel,gev,gev
Slab,Long,Wid9,Bi,Fixed,p1,Mn,Bi2L,30,0.678186566,0.205720575,0.131129816,LognormalTF,Normal,LognormalTF
Slab,Long,Wid9,Bi,Fixed,p1,MxMid,Bi2L,15,0.470578537,-0.279103015,-0.371174829,gevGumbel,gev,Lognormal
Slab,Long,Wid9,Bi,Fixed,p1,MxMid,Bi2L,20,0.552060792,-0.125462076,-0.238369485,gevGumbel,gev,LognormalTF
Slab,Long,Wid9,Bi,Fixed,p1,MxMid,Bi2L,25,0.499226072,-0.144892748,-0.270192198,gevGumbel,gev,LognormalTF
Slab,Long,Wid9,Bi,Fixed,p1,MxMid,Bi2L,30,0.545544926,-0.088980534,-0.209702942,gevGumbel,gev,LognormalTF
Slab,Long,Wid9,Bi,Fixed,p1,MxEdg,Bi2L,15,0.685864224,0.107766394,-0.164905311,gevGumbel,gev,Normal
Slab,Long,Wid9,Bi,Fixed,p1,MxEdg,Bi2L,20,0.779190987,0.212083256,-0.074850295,gevGumbel,gev,gev
Slab,Long,Wid9,Bi,Fixed,p1,MxEdg,Bi2L,25,0.798556362,0.227170917,0.101872726,gevGumbel,gev,LognormalTF
Slab,Long,Wid9,Bi,Fixed,p1,MxEdg,Bi2L,30,0.679559756,0.205384943,0.132868373,LognormalTF,Normal,LognormalTF
Slab,Long,Wid9,Bi,Fixed,p2,V,Bi2L,15,0.426371587,-0.22650725,-0.333265478,gevGumbel,gev,LognormalTF
Slab,Long,Wid9,Bi,Fixed,p2,V,Bi2L,20,0.584887503,-0.068174695,-0.247848258,gevGumbel,gev,Normal
Slab,Long,Wid9,Bi,Fixed,p2,V,Bi2L,25,0.65778696,0.018728804,-0.163978681,gevGumbel,gev,gev
Slab,Long,Wid9,Bi,Fixed,p2,V,Bi2L,30,0.544711596,0.072475028,-0.006541209,LognormalTF,Normal,LognormalTF
Slab,Long,Wid9,Bi,Fixed,p2,Mp,Bi2L,15,-0.035960316,-0.787453336,-0.816724278,gevGumbel,gev,Normal
Slab,Long,Wid9,Bi,Fixed,p2,Mp,Bi2L,20,0.300511816,-0.430515447,-0.504931132,gevGumbel,gev,gev
Slab,Long,Wid9,Bi,Fixed,p2,Mp,Bi2L,25,0.414891785,-0.293228142,-0.343100903,gevGumbel,gev,gev
Slab,Long,Wid9,Bi,Fixed,p2,Mp,Bi2L,30,0.433631614,-0.129660708,-0.160908821,LognormalTF,gev,gev
Slab,Long,Wid9,Bi,Fixed,p2,Mn,Bi2L,15,0.631674439,-0.022115285,-0.221594202,gevGumbel,gev,gev
Slab,Long,Wid9,Bi,Fixed,p2,Mn,Bi2L,20,0.786825792,0.126991152,-0.001451172,gevGumbel,gev,gev
Slab,Long,Wid9,Bi,Fixed,p2,Mn,Bi2L,25,0.729036441,0.211949819,0.170673715,LognormalTF,Normal,LognormalTF
Slab,Long,Wid9,Bi,Fixed,p2,Mn,Bi2L,30,0.740056104,0.226360778,0.187922609,LognormalTF,Normal,LognormalTF
Slab,Long,Wid9,Bi,Fixed,p2,MxMid,Bi2L,15,0.633501889,-0.067955483,-0.165402832,gevGumbel,gev,LognormalTF
Slab,Long,Wid9,Bi,Fixed,p2,MxMid,Bi2L,20,0.694177371,0.083156804,-0.151678951,gevGumbel,gev,gev
Slab,Long,Wid9,Bi,Fixed,p2,MxMid,Bi2L,25,0.615001558,0.022211517,-0.109965424,gevGumbel,gev,LognormalTF
Slab,Long,Wid9,Bi,Fixed,p2,MxMid,Bi2L,30,0.663714393,0.090864192,-0.143292736,gevGumbel,gev,gev
Slab,Long,Wid9,Bi,Fixed,p2,MxEdg,Bi2L,15,0.636810334,-0.013822232,-0.215096458,gevGumbel,gev,gev
Slab,Long,Wid9,Bi,Fixed,p2,MxEdg,Bi2L,20,0.789632281,0.130260105,-0.000360395,gevGumbel,gev,gev
Slab,Long,Wid9,Bi,Fixed,p2,MxEdg,Bi2L,25,0.730318901,0.211927102,0.170867953,LognormalTF,Normal,LognormalTF
Slab,Long,Wid9,Bi,Fixed,p2,MxEdg,Bi2L,30,0.638814855,0.226327928,0.188382382,gev,Normal,LognormalTF
Slab,Long,Wid9,Bi,Fixed,p3,V,Bi2L,15,-0.089027458,-0.685519636,-0.693468885,LognormalTF,gev,gev
Slab,Long,Wid9,Bi,Fixed,p3,V,Bi2L,20,0.118109648,-0.392822122,-0.39801322,gev,gev,gev
Slab,Long,Wid9,Bi,Fixed,p3,V,Bi2L,25,0.413626883,-0.203998481,-0.208830462,LognormalTF,gev,gev
Slab,Long,Wid9,Bi,Fixed,p3,V,Bi2L,30,0.394634156,-0.060345439,-0.000926207,gev,gev,LognormalTF
Slab,Long,Wid9,Bi,Fixed,p3,Mp,Bi2L,15,-0.244739368,-0.849758682,-0.849422758,LognormalTF,gev,gev
Slab,Long,Wid9,Bi,Fixed,p3,Mp,Bi2L,20,0.137311335,-0.446453089,-0.45012397,LognormalTF,gev,gev
Slab,Long,Wid9,Bi,Fixed,p3,Mp,Bi2L,25,0.329555508,-0.263476179,-0.269882052,LognormalTF,gev,gev
Slab,Long,Wid9,Bi,Fixed,p3,Mp,Bi2L,30,0.350743316,-0.125689661,-0.132701413,gev,gev,gev
Slab,Long,Wid9,Bi,Fixed,p3,Mn,Bi2L,15,0.520769147,-0.10197964,-0.114043832,LognormalTF,gev,gev
Slab,Long,Wid9,Bi,Fixed,p3,Mn,Bi2L,20,0.753758924,0.106764708,0.166254498,LognormalTF,gev,Normal
Slab,Long,Wid9,Bi,Fixed,p3,Mn,Bi2L,25,0.817668385,0.174986515,0.248834185,LognormalTF,gev,LognormalTF
Slab,Long,Wid9,Bi,Fixed,p3,Mn,Bi2L,30,0.685331486,0.2685488,0.244406883,gev,Normal,LognormalTF
Slab,Long,Wid9,Bi,Fixed,p3,MxMid,Bi2L,15,-0.136525124,-0.743846933,-0.744819316,LognormalTF,gev,gev
Slab,Long,Wid9,Bi,Fixed,p3,MxMid,Bi2L,20,0.092363236,-0.494351829,-0.496328137,LognormalTF,gev,gev
Slab,Long,Wid9,Bi,Fixed,p3,MxMid,Bi2L,25,0.106895045,-0.478203832,-0.480811656,LognormalTF,gev,gev
Slab,Long,Wid9,Bi,Fixed,p3,MxMid,Bi2L,30,0.192078314,-0.385963849,-0.388143951,LognormalTF,gev,gev
Slab,Long,Wid9,Bi,Fixed,p3,MxEdg,Bi2L,15,0.533176483,-0.091603603,-0.103860454,LognormalTF,gev,gev
Slab,Long,Wid9,Bi,Fixed,p3,MxEdg,Bi2L,20,0.753739076,0.104196128,0.1659289,LognormalTF,gev,Normal
Slab,Long,Wid9,Bi,Fixed,p3,MxEdg,Bi2L,25,0.822867386,0.179500198,0.253238356,LognormalTF,gev,LognormalTF
Slab,Long,Wid9,Bi,Fixed,p3,MxEdg,Bi2L,30,0.684797757,0.268035856,0.243629463,gev,Normal,LognormalTF
Slab,Long,Wid9,Bi,Semi,p1,V,Bi2L,15,0.441213024,-0.186916143,-0.309206816,gevGumbel,gev,LognormalTF
Slab,Long,Wid9,Bi,Semi,p1,V,Bi2L,20,0.577651813,-0.072156704,-0.218621888,gevGumbel,gev,Normal
Slab,Long,Wid9,Bi,Semi,p1,V,Bi2L,25,0.478107013,-0.012966086,-0.157078969,LognormalTF,gev,gev
Slab,Long,Wid9,Bi,Semi,p1,V,Bi2L,30,0.527664641,0.044122636,-0.023703867,LognormalTF,Normal,LognormalTF
Slab,Long,Wid9,Bi,Semi,p1,Mp,Bi2L,15,0.31687104,-0.364337063,-0.500791383,gevGumbel,gev,gev
Slab,Long,Wid9,Bi,Semi,p1,Mp,Bi2L,20,0.532337707,-0.150426038,-0.229429527,gevGumbel,gev,gev
Slab,Long,Wid9,Bi,Semi,p1,Mp,Bi2L,25,0.517896041,-0.045642836,-0.087963571,LognormalTF,gev,gev
Slab,Long,Wid9,Bi,Semi,p1,Mp,Bi2L,30,0.585119579,0.033101104,0.070623191,LognormalTF,gev,LognormalTF
Slab,Long,Wid9,Bi,Semi,p1,Mn,Bi2L,15,0.678124611,0.039806896,-0.149028845,gevGumbel,Normal,gev
Slab,Long,Wid9,Bi,Semi,p1,Mn,Bi2L,20,0.710073787,0.126505753,0.055960172,LognormalTF,gev,gev
Slab,Long,Wid9,Bi,Semi,p1,Mn,Bi2L,25,0.766162864,0.176437239,0.208227963,LognormalTF,gev,LognormalTF
Slab,Long,Wid9,Bi,Semi,p1,Mn,Bi2L,30,0.763635594,0.243728678,0.210898346,LognormalTF,Normal,LognormalTF
Slab,Long,Wid9,Bi,Semi,p1,MxMid,Bi2L,15,0.518186956,-0.178746787,-0.294051307,gevGumbel,gev,Lognormal
Slab,Long,Wid9,Bi,Semi,p1,MxMid,Bi2L,20,0.572967169,-0.075131194,-0.199885843,gevGumbel,gev,LognormalTF
Slab,Long,Wid9,Bi,Semi,p1,MxMid,Bi2L,25,0.511457465,-0.11620388,-0.262026643,gevGumbel,gev,Lognormal
Slab,Long,Wid9,Bi,Semi,p1,MxMid,Bi2L,30,0.537509519,-0.090103064,-0.210954337,gevGumbel,gev,LognormalTF
Slab,Long,Wid9,Bi,Semi,p1,MxEdg,Bi2L,15,0.690620927,0.059026442,-0.137651996,gevGumbel,Normal,gev
Slab,Long,Wid9,Bi,Semi,p1,MxEdg,Bi2L,20,0.808564501,0.132349179,0.049199656,gevGumbel,gev,gev
Slab,Long,Wid9,Bi,Semi,p1,MxEdg,Bi2L,25,0.761429901,0.173264103,0.204926536,LognormalTF,gev,LognormalTF
Slab,Long,Wid9,Bi,Semi,p1,MxEdg,Bi2L,30,0.764517738,0.245533681,0.213285978,LognormalTF,Normal,LognormalTF
Slab,Long,Wid9,Bi,Semi,p2,V,Bi2L,15,0.345868344,-0.314524791,-0.380497531,gevGumbel,gev,LognormalTF
Slab,Long,Wid9,Bi,Semi,p2,V,Bi2L,20,0.522513142,-0.133642219,-0.30017324,gevGumbel,Normal,gev
Slab,Long,Wid9,Bi,Semi,p2,V,Bi2L,25,0.461922347,-0.076545665,-0.172317207,LognormalTF,gev,gev
Slab,Long,Wid9,Bi,Semi,p2,V,Bi2L,30,0.519590191,-0.027860629,-0.020552374,LognormalTF,gev,LognormalTF
Slab,Long,Wid9,Bi,Semi,p2,Mp,Bi2L,15,0.25668175,-0.488413001,-0.570294329,gevGumbel,gev,gev
Slab,Long,Wid9,Bi,Semi,p2,Mp,Bi2L,20,0.528170153,-0.188493023,-0.220927416,gevGumbel,gev,gev
Slab,Long,Wid9,Bi,Semi,p2,Mp,Bi2L,25,0.509840518,-0.066866448,-0.09350592,LognormalTF,gev,gev
Slab,Long,Wid9,Bi,Semi,p2,Mp,Bi2L,30,0.591795882,0.029225078,0.078904155,LognormalTF,gev,LognormalTF
Slab,Long,Wid9,Bi,Semi,p2,Mn,Bi2L,15,0.692196434,-0.019557378,-0.093616239,gevGumbel,gev,gev
Slab,Long,Wid9,Bi,Semi,p2,Mn,Bi2L,20,0.749148292,0.116330545,0.093586661,LognormalTF,gev,gev
Slab,Long,Wid9,Bi,Semi,p2,Mn,Bi2L,25,0.795724071,0.186112338,0.230972135,LognormalTF,gev,LognormalTF
Slab,Long,Wid9,Bi,Semi,p2,Mn,Bi2L,30,0.785194032,0.256232413,0.226215329,LognormalTF,Normal,LognormalTF
Slab,Long,Wid9,Bi,Semi,p2,MxMid,Bi2L,15,0.62933278,-0.018905954,-0.131615306,gevGumbel,gev,LognormalTF
Slab,Long,Wid9,Bi,Semi,p2,MxMid,Bi2L,20,0.689638064,0.10364089,-0.139241081,gevGumbel,gev,gev
Slab,Long,Wid9,Bi,Semi,p2,MxMid,Bi2L,25,0.614755252,0.03793677,-0.187456303,gevGumbel,gev,gev
Slab,Long,Wid9,Bi,Semi,p2,MxMid,Bi2L,30,0.65897291,0.093783763,-0.137474983,gevGumbel,gev,gev
Slab,Long,Wid9,Bi,Semi,p2,MxEdg,Bi2L,15,0.711413913,0.060174907,-0.033549491,gevGumbel,Normal,Normal
Slab,Long,Wid9,Bi,Semi,p2,MxEdg,Bi2L,20,0.840878263,0.119159214,0.087427727,gevGumbel,gev,gev
Slab,Long,Wid9,Bi,Semi,p2,MxEdg,Bi2L,25,0.793583286,0.186551721,0.226250214,LognormalTF,gev,LognormalTF
Slab,Long,Wid9,Bi,Semi,p2,MxEdg,Bi2L,30,0.783881645,0.254171102,0.223999249,LognormalTF,Normal,LognormalTF
Slab,Long,Wid9,Bi,Semi,p3,V,Bi2L,15,-0.001220942,-0.603046371,-0.610079446,LognormalTF,gev,gev
Slab,Long,Wid9,Bi,Semi,p3,V,Bi2L,20,0.270100086,-0.352962912,-0.357657987,LognormalTF,gev,gev
Slab,Long,Wid9,Bi,Semi,p3,V,Bi2L,25,0.292161004,-0.189260635,-0.193726394,gev,gev,gev
Slab,Long,Wid9,Bi,Semi,p3,V,Bi2L,30,0.351929142,-0.088174644,-0.030819175,gev,gev,LognormalTF
Slab,Long,Wid9,Bi,Semi,p3,Mp,Bi2L,15,0.11397256,-0.489008966,-0.494481224,LognormalTF,gev,gev
Slab,Long,Wid9,Bi,Semi,p3,Mp,Bi2L,20,0.418442816,-0.180394491,-0.188609628,LognormalTF,gev,gev
Slab,Long,Wid9,Bi,Semi,p3,Mp,Bi2L,25,0.545775942,-0.04572686,0.00921458,LognormalTF,gev,Normal
Slab,Long,Wid9,Bi,Semi,p3,Mp,Bi2L,30,0.486930603,0.030035518,0.090961508,gev,gev,LognormalTF
Slab,Long,Wid9,Bi,Semi,p3,Mn,Bi2L,15,0.605845302,-3.62E-05,0.030293839,LognormalTF,gev,Normal
Slab,Long,Wid9,Bi,Semi,p3,Mn,Bi2L,20,0.800570016,0.147748032,0.245239736,LognormalTF,gev,LognormalTF
Slab,Long,Wid9,Bi,Semi,p3,Mn,Bi2L,25,0.702581942,0.203291804,0.255038446,gev,gev,LognormalTF
Slab,Long,Wid9,Bi,Semi,p3,Mn,Bi2L,30,0.805227648,0.268923123,0.240292267,LognormalTF,Normal,LognormalTF
Slab,Long,Wid9,Bi,Semi,p3,MxMid,Bi2L,15,-0.04126331,-0.642762724,-0.64527146,LognormalTF,gev,gev
Slab,Long,Wid9,Bi,Semi,p3,MxMid,Bi2L,20,0.148823592,-0.435688677,-0.438256319,LognormalTF,gev,gev
Slab,Long,Wid9,Bi,Semi,p3,MxMid,Bi2L,25,0.146275103,-0.43737039,-0.440198869,LognormalTF,gev,gev
Slab,Long,Wid9,Bi,Semi,p3,MxMid,Bi2L,30,0.207805089,-0.366613907,-0.368784207,LognormalTF,gev,gev
Slab,Long,Wid9,Bi,Semi,p3,MxEdg,Bi2L,15,0.620691266,0.006858685,0.040714693,LognormalTF,gev,Normal
Slab,Long,Wid9,Bi,Semi,p3,MxEdg,Bi2L,20,0.818487355,0.164008381,0.257398474,LognormalTF,gev,LognormalTF
Slab,Long,Wid9,Bi,Semi,p3,MxEdg,Bi2L,25,0.69879154,0.203683455,0.25118402,gev,gev,LognormalTF
Slab,Long,Wid9,Bi,Semi,p3,MxEdg,Bi2L,30,0.807905996,0.273499745,0.244278442,LognormalTF,Normal,LognormalTF
Slab,Long,Wid18,Bi,Fixed,p1,V,Bi4L,15,1.033694001,0.431678271,0.109345896,LognormalTF,gev,Normal
Slab,Long,Wid18,Bi,Fixed,p1,V,Bi4L,20,0.886823421,0.406734538,0.13432488,LognormalTF,gev,Normal
Slab,Long,Wid18,Bi,Fixed,p1,V,Bi4L,25,0.756971416,0.357250668,0.244328388,LognormalTF,gev,LognormalTF
Slab,Long,Wid18,Bi,Fixed,p1,V,Bi4L,30,0.990483214,0.311849925,0.212958808,gevGumbel,gev,LognormalTF
Slab,Long,Wid18,Bi,Fixed,p1,Mp,Bi4L,15,0.403410117,-0.055350595,-0.353757918,LognormalTF,gev,Normal
Slab,Long,Wid18,Bi,Fixed,p1,Mp,Bi4L,20,0.511900779,0.251619301,-0.120982378,LognormalTF,Normal,Normal
Slab,Long,Wid18,Bi,Fixed,p1,Mp,Bi4L,25,0.797147933,0.15973469,-0.07770879,gevGumbel,gev,Normal
Slab,Long,Wid18,Bi,Fixed,p1,Mp,Bi4L,30,0.752006673,0.20410724,0.086026746,gevGumbel,gev,LognormalTF
Slab,Long,Wid18,Bi,Fixed,p1,Mn,Bi4L,15,0.998418112,0.504176566,0.410785516,LognormalTF,gev,LognormalTF
Slab,Long,Wid18,Bi,Fixed,p1,Mn,Bi4L,20,1.200577592,0.432106556,0.330000681,gevGumbel,gev,LognormalTF
Slab,Long,Wid18,Bi,Fixed,p1,Mn,Bi4L,25,0.983738499,0.360148167,0.266532748,gevGumbel,gev,LognormalTF
Slab,Long,Wid18,Bi,Fixed,p1,Mn,Bi4L,30,0.828941772,0.313473608,0.233699482,gevGumbel,gev,LognormalTF
Slab,Long,Wid18,Bi,Fixed,p1,MxMid,Bi4L,15,1.444128533,0.463223629,0.226067981,gevGumbel,gev,LognormalTF
Slab,Long,Wid18,Bi,Fixed,p1,MxMid,Bi4L,20,1.344335933,0.49253675,0.265151383,gevGumbel,gev,LognormalTF
Slab,Long,Wid18,Bi,Fixed,p1,MxMid,Bi4L,25,1.083939885,0.440310895,0.145614304,LognormalTF,gev,Normal
Slab,Long,Wid18,Bi,Fixed,p1,MxMid,Bi4L,30,0.93080589,0.434326778,0.15762128,LognormalTF,gev,Normal
Slab,Long,Wid18,Bi,Fixed,p1,MxEdg,Bi4L,15,1.011931182,0.510213598,0.417407333,LognormalTF,gev,LognormalTF
Slab,Long,Wid18,Bi,Fixed,p1,MxEdg,Bi4L,20,1.201842749,0.431170796,0.330254553,gevGumbel,gev,LognormalTF
Slab,Long,Wid18,Bi,Fixed,p1,MxEdg,Bi4L,25,0.983659877,0.358338178,0.265726517,gevGumbel,gev,LognormalTF
Slab,Long,Wid18,Bi,Fixed,p1,MxEdg,Bi4L,30,0.828858944,0.314598461,0.234529682,gevGumbel,gev,LognormalTF
Slab,Long,Wid18,Bi,Fixed,p2,V,Bi4L,15,0.841039174,0.352235397,-0.01121751,LognormalTF,gev,Normal
Slab,Long,Wid18,Bi,Fixed,p2,V,Bi4L,20,0.748353184,0.334798528,0.026840228,LognormalTF,gev,Normal
Slab,Long,Wid18,Bi,Fixed,p2,V,Bi4L,25,0.65721839,0.300932276,0.036598783,LognormalTF,gev,Normal
Slab,Long,Wid18,Bi,Fixed,p2,V,Bi4L,30,0.583054851,0.267812786,0.041406717,LognormalTF,gev,Normal
Slab,Long,Wid18,Bi,Fixed,p2,Mp,Bi4L,15,0.195310149,-0.156983459,-0.334595336,LognormalTF,Normal,LognormalTF
Slab,Long,Wid18,Bi,Fixed,p2,Mp,Bi4L,20,0.391681158,0.115449775,-0.070363444,LognormalTF,Normal,LognormalTF
Slab,Long,Wid18,Bi,Fixed,p2,Mp,Bi4L,25,0.668269781,0.052333049,-0.155694387,gevGumbel,gev,Normal
Slab,Long,Wid18,Bi,Fixed,p2,Mp,Bi4L,30,0.669634743,0.202272158,-0.043541044,gevGumbel,Normal,Normal
Slab,Long,Wid18,Bi,Fixed,p2,Mn,Bi4L,15,0.861526005,0.433473023,0.16204836,LognormalTF,gev,Normal
Slab,Long,Wid18,Bi,Fixed,p2,Mn,Bi4L,20,1.093594563,0.38647378,0.292807603,gevGumbel,gev,LognormalTF
Slab,Long,Wid18,Bi,Fixed,p2,Mn,Bi4L,25,0.910200447,0.329290665,0.26096457,gevGumbel,gev,LognormalTF
Slab,Long,Wid18,Bi,Fixed,p2,Mn,Bi4L,30,0.772196092,0.300992591,0.240328614,gevGumbel,gev,LognormalTF
Slab,Long,Wid18,Bi,Fixed,p2,MxMid,Bi4L,15,1.153024272,0.493297948,0.234427693,Lognormal,gev,LognormalTF
Slab,Long,Wid18,Bi,Fixed,p2,MxMid,Bi4L,20,1.20446443,0.556255297,0.227371619,LognormalTF,gev,Normal
Slab,Long,Wid18,Bi,Fixed,p2,MxMid,Bi4L,25,0.890697859,0.432097624,0.137871568,LognormalTF,gev,Normal
Slab,Long,Wid18,Bi,Fixed,p2,MxMid,Bi4L,30,0.832621331,0.446521907,0.1634059,LognormalTF,gev,Normal
Slab,Long,Wid18,Bi,Fixed,p2,MxEdg,Bi4L,15,0.866097455,0.437055662,0.164527855,LognormalTF,gev,Normal
Slab,Long,Wid18,Bi,Fixed,p2,MxEdg,Bi4L,20,1.098687062,0.388539751,0.29217745,gevGumbel,gev,LognormalTF
Slab,Long,Wid18,Bi,Fixed,p2,MxEdg,Bi4L,25,0.914574648,0.331958483,0.261429312,gevGumbel,gev,LognormalTF
Slab,Long,Wid18,Bi,Fixed,p2,MxEdg,Bi4L,30,0.773275311,0.302194134,0.240863672,gevGumbel,gev,LognormalTF
Slab,Long,Wid18,Bi,Fixed,p3,V,Bi4L,15,0.461847772,-0.033649669,-0.248451846,LognormalTF,Normal,Normal
Slab,Long,Wid18,Bi,Fixed,p3,V,Bi4L,20,0.478894835,0.076469915,-0.10649338,LognormalTF,Normal,Normal
Slab,Long,Wid18,Bi,Fixed,p3,V,Bi4L,25,0.46485435,0.113840086,0.161467446,LognormalTF,Normal,LognormalTF
Slab,Long,Wid18,Bi,Fixed,p3,V,Bi4L,30,0.440000993,0.126305636,0.157022986,LognormalTF,Normal,LognormalTF
Slab,Long,Wid18,Bi,Fixed,p3,Mp,Bi4L,15,0.423146433,-0.310523818,-0.232853806,gevGumbel,Normal,LognormalTF
Slab,Long,Wid18,Bi,Fixed,p3,Mp,Bi4L,20,0.424451158,-0.038767577,-0.041667896,Lognormal,Normal,LognormalTF
Slab,Long,Wid18,Bi,Fixed,p3,Mp,Bi4L,25,0.416151738,0.046060798,-0.126683028,Lognormal,Normal,gev
Slab,Long,Wid18,Bi,Fixed,p3,Mp,Bi4L,30,0.58906994,0.118591746,-0.051515076,gevGumbel,Normal,Normal
Slab,Long,Wid18,Bi,Fixed,p3,Mn,Bi4L,15,0.757785566,0.293313069,0.130996756,LognormalTF,gev,Normal
Slab,Long,Wid18,Bi,Fixed,p3,Mn,Bi4L,20,0.951395185,0.311184199,0.204670936,gevGumbel,gev,Normal
Slab,Long,Wid18,Bi,Fixed,p3,Mn,Bi4L,25,0.831327984,0.304880981,0.22256584,gevGumbel,gev,Normal
Slab,Long,Wid18,Bi,Fixed,p3,Mn,Bi4L,30,0.728414736,0.333764133,0.216662928,gevGumbel,Normal,Normal
Slab,Long,Wid18,Bi,Fixed,p3,MxMid,Bi4L,15,0.792395996,-0.049964887,-0.239088607,LognormalTF,Normal,Normal
Slab,Long,Wid18,Bi,Fixed,p3,MxMid,Bi4L,20,0.731209321,0.118671486,-0.02631875,LognormalTF,Normal,Normal
Slab,Long,Wid18,Bi,Fixed,p3,MxMid,Bi4L,25,0.664218719,0.120356579,0.00528361,LognormalTF,Normal,Normal
Slab,Long,Wid18,Bi,Fixed,p3,MxMid,Bi4L,30,0.66559187,0.162201201,0.066639545,LognormalTF,Normal,Normal
Slab,Long,Wid18,Bi,Fixed,p3,MxEdg,Bi4L,15,0.765771712,0.289848045,0.13413365,LognormalTF,gev,Normal
Slab,Long,Wid18,Bi,Fixed,p3,MxEdg,Bi4L,20,0.957601234,0.317305119,0.209549159,gevGumbel,gev,Normal
Slab,Long,Wid18,Bi,Fixed,p3,MxEdg,Bi4L,25,0.834839801,0.305992123,0.228389437,gevGumbel,gev,Normal
Slab,Long,Wid18,Bi,Fixed,p3,MxEdg,Bi4L,30,0.729742376,0.335118309,0.218256598,gevGumbel,Normal,Normal
Slab,Long,Wid18,Bi,Semi,p1,V,Bi4L,15,0.792279409,0.320566056,0.01053667,LognormalTF,gev,Normal
Slab,Long,Wid18,Bi,Semi,p1,V,Bi4L,20,0.671026115,0.287977045,0.028515056,LognormalTF,gev,Normal
Slab,Long,Wid18,Bi,Semi,p1,V,Bi4L,25,0.569510275,0.246967876,0.120061399,LognormalTF,gev,LognormalTF
Slab,Long,Wid18,Bi,Semi,p1,V,Bi4L,30,0.494456352,0.213346798,0.101979934,LognormalTF,gev,LognormalTF
Slab,Long,Wid18,Bi,Semi,p1,Mp,Bi4L,15,0.481579651,0.093386355,-0.186918381,LognormalTF,gev,Normal
Slab,Long,Wid18,Bi,Semi,p1,Mp,Bi4L,20,0.836416569,0.209666626,0.077308712,gevGumbel,gev,LognormalTF
Slab,Long,Wid18,Bi,Semi,p1,Mp,Bi4L,25,0.712076004,0.192824711,0.095068552,gevGumbel,gev,LognormalTF
Slab,Long,Wid18,Bi,Semi,p1,Mp,Bi4L,30,0.647408319,0.257706396,0.125559476,gevGumbel,Normal,LognormalTF
Slab,Long,Wid18,Bi,Semi,p1,Mn,Bi4L,15,0.837226647,0.424390018,0.313012652,LognormalTF,gev,LognormalTF
Slab,Long,Wid18,Bi,Semi,p1,Mn,Bi4L,20,0.96791207,0.354580243,0.259303654,gevGumbel,gev,LognormalTF
Slab,Long,Wid18,Bi,Semi,p1,Mn,Bi4L,25,0.788158989,0.299238829,0.242999624,gevGumbel,gev,LognormalTF
Slab,Long,Wid18,Bi,Semi,p1,Mn,Bi4L,30,0.673912227,0.317357951,0.192315447,gevGumbel,Normal,Normal
Slab,Long,Wid18,Bi,Semi,p1,MxMid,Bi4L,15,1.410414655,0.480528155,0.246590679,gevGumbel,gev,LognormalTF
Slab,Long,Wid18,Bi,Semi,p1,MxMid,Bi4L,20,1.252558102,0.497430651,0.197508741,LognormalTF,gev,Normal
Slab,Long,Wid18,Bi,Semi,p1,MxMid,Bi4L,25,0.938301424,0.421285413,0.14090328,LognormalTF,gev,Normal
Slab,Long,Wid18,Bi,Semi,p1,MxMid,Bi4L,30,0.852750399,0.41480192,0.151152391,LognormalTF,gev,Normal
Slab,Long,Wid18,Bi,Semi,p1,MxEdg,Bi4L,15,0.892948125,0.466087167,0.356035582,LognormalTF,gev,LognormalTF
Slab,Long,Wid18,Bi,Semi,p1,MxEdg,Bi4L,20,0.984335186,0.353252069,0.261506321,gevGumbel,gev,LognormalTF
Slab,Long,Wid18,Bi,Semi,p1,MxEdg,Bi4L,25,0.790735544,0.298500586,0.236818157,gevGumbel,gev,LognormalTF
Slab,Long,Wid18,Bi,Semi,p1,MxEdg,Bi4L,30,0.672876345,0.318877076,0.192856236,gevGumbel,Normal,Normal
Slab,Long,Wid18,Bi,Semi,p2,V,Bi4L,15,0.627461411,0.224215703,-0.114113225,LognormalTF,gev,Normal
Slab,Long,Wid18,Bi,Semi,p2,V,Bi4L,20,0.564979366,0.221271308,-0.060891309,LognormalTF,gev,Normal
Slab,Long,Wid18,Bi,Semi,p2,V,Bi4L,25,0.497280653,0.197116254,-0.040821918,LognormalTF,gev,Normal
Slab,Long,Wid18,Bi,Semi,p2,V,Bi4L,30,0.446674332,0.179168206,0.055412793,LognormalTF,gev,LognormalTF
Slab,Long,Wid18,Bi,Semi,p2,Mp,Bi4L,15,0.331047974,-0.058847834,-0.303496968,LognormalTF,gev,Normal
Slab,Long,Wid18,Bi,Semi,p2,Mp,Bi4L,20,0.603816204,0.202654178,-0.081748742,Lognormal,Normal,Normal
Slab,Long,Wid18,Bi,Semi,p2,Mp,Bi4L,25,0.636883892,0.192597779,-0.031913558,gevGumbel,Normal,Normal
Slab,Long,Wid18,Bi,Semi,p2,Mp,Bi4L,30,0.607693941,0.216060796,0.04557719,gevGumbel,Normal,Normal
Slab,Long,Wid18,Bi,Semi,p2,Mn,Bi4L,15,0.772412133,0.376119523,0.277925575,LognormalTF,gev,LognormalTF
Slab,Long,Wid18,Bi,Semi,p2,Mn,Bi4L,20,0.910682165,0.32801816,0.259189414,gevGumbel,gev,LognormalTF
Slab,Long,Wid18,Bi,Semi,p2,Mn,Bi4L,25,0.759712401,0.302122513,0.196312967,gevGumbel,gev,Normal
Slab,Long,Wid18,Bi,Semi,p2,Mn,Bi4L,30,0.661635296,0.303888407,0.26100713,gevGumbel,Normal,LognormalTF
Slab,Long,Wid18,Bi,Semi,p2,MxMid,Bi4L,15,1.118914889,0.485221347,0.238977704,Lognormal,gev,LognormalTF
Slab,Long,Wid18,Bi,Semi,p2,MxMid,Bi4L,20,0.999867985,0.519765345,0.208316956,LognormalTF,gev,Normal
Slab,Long,Wid18,Bi,Semi,p2,MxMid,Bi4L,25,0.822580526,0.4107761,0.135887613,LognormalTF,gev,Normal
Slab,Long,Wid18,Bi,Semi,p2,MxMid,Bi4L,30,0.784178956,0.424902075,0.157382624,LognormalTF,gev,Normal
Slab,Long,Wid18,Bi,Semi,p2,MxEdg,Bi4L,15,0.808623562,0.411454595,0.296215582,LognormalTF,gev,LognormalTF
Slab,Long,Wid18,Bi,Semi,p2,MxEdg,Bi4L,20,0.937115224,0.326837991,0.262052267,gevGumbel,gev,LognormalTF
Slab,Long,Wid18,Bi,Semi,p2,MxEdg,Bi4L,25,0.764226362,0.304800004,0.192634721,gevGumbel,gev,Normal
Slab,Long,Wid18,Bi,Semi,p2,MxEdg,Bi4L,30,0.660949004,0.303289314,0.257179697,gevGumbel,Normal,LognormalTF
Slab,Long,Wid18,Bi,Semi,p3,V,Bi4L,15,0.371500988,-0.056693179,-0.196100961,LognormalTF,Normal,gev
Slab,Long,Wid18,Bi,Semi,p3,V,Bi4L,20,0.375163356,0.020076598,0.092184209,LognormalTF,Normal,LognormalTF
Slab,Long,Wid18,Bi,Semi,p3,V,Bi4L,25,0.356101759,0.045608,0.094704722,LognormalTF,Normal,LognormalTF
Slab,Long,Wid18,Bi,Semi,p3,V,Bi4L,30,0.332190892,0.055875586,0.093393209,LognormalTF,Normal,LognormalTF
Slab,Long,Wid18,Bi,Semi,p3,Mp,Bi4L,15,0.551284421,-0.085875163,-0.263703328,gevGumbel,Normal,gev
Slab,Long,Wid18,Bi,Semi,p3,Mp,Bi4L,20,0.464167306,0.099195111,-0.098940627,Lognormal,Normal,Normal
Slab,Long,Wid18,Bi,Semi,p3,Mp,Bi4L,25,0.58869877,0.140224329,-0.019446669,gevGumbel,Normal,Normal
Slab,Long,Wid18,Bi,Semi,p3,Mp,Bi4L,30,0.574060932,0.170532552,0.050005601,gevGumbel,Normal,Normal
Slab,Long,Wid18,Bi,Semi,p3,Mn,Bi4L,15,0.700029813,0.296622111,0.136379438,LognormalTF,gev,Normal
Slab,Long,Wid18,Bi,Semi,p3,Mn,Bi4L,20,0.847519855,0.297664604,0.192939362,gevGumbel,gev,Normal
Slab,Long,Wid18,Bi,Semi,p3,Mn,Bi4L,25,0.736300194,0.330456491,0.21335857,gevGumbel,Normal,Normal
Slab,Long,Wid18,Bi,Semi,p3,Mn,Bi4L,30,0.65721522,0.36532816,0.283595836,gevGumbel,LognormalTF,LognormalTF
Slab,Long,Wid18,Bi,Semi,p3,MxMid,Bi4L,15,0.697341898,0.048540387,-0.137039376,LognormalTF,Normal,Normal
Slab,Long,Wid18,Bi,Semi,p3,MxMid,Bi4L,20,0.701652998,0.157030673,0.015705707,LognormalTF,Normal,Normal
Slab,Long,Wid18,Bi,Semi,p3,MxMid,Bi4L,25,0.641034566,0.148649087,0.037933391,LognormalTF,Normal,Normal
Slab,Long,Wid18,Bi,Semi,p3,MxMid,Bi4L,30,0.641224146,0.17563527,0.082214363,LognormalTF,Normal,Normal
Slab,Long,Wid18,Bi,Semi,p3,MxEdg,Bi4L,15,1.003666675,0.297544626,0.153738707,gevGumbel,gev,Normal
Slab,Long,Wid18,Bi,Semi,p3,MxEdg,Bi4L,20,0.870814426,0.3130115,0.212112274,gevGumbel,gev,Normal
Slab,Long,Wid18,Bi,Semi,p3,MxEdg,Bi4L,25,0.743146697,0.332120776,0.221430051,gevGumbel,Normal,Normal
Slab,Long,Wid18,Bi,Semi,p3,MxEdg,Bi4L,30,0.65331592,0.360311602,0.279400476,gevGumbel,LognormalTF,LognormalTF
Slab,Short,Wid9,Uni,Fixed,p1,V,Uni2L,4,0.085416169,-1.030865598,-1.237584473,gevGumbel,Lognormal,LognormalTF
Slab,Short,Wid9,Uni,Fixed,p1,V,Uni2L,6,0.561933093,-0.359788699,-0.685855939,gevGumbel,LognormalTF,LognormalTF
Slab,Short,Wid9,Uni,Fixed,p1,V,Uni2L,8,1.003948146,-0.02646474,-0.240396134,gevGumbel,gev,LognormalTF
Slab,Short,Wid9,Uni,Fixed,p1,V,Uni2L,10,0.990667175,0.240076264,-0.030217683,Lognormal,gev,Normal
Slab,Short,Wid9,Uni,Fixed,p1,Mp,Uni2L,4,0.609835983,-0.525265861,-0.226584991,gevGumbel,Lognormal,gevGumbel
Slab,Short,Wid9,Uni,Fixed,p1,Mp,Uni2L,6,0.175849682,-0.726721244,-0.526961286,gevGumbel,LognormalTF,gevGumbel
Slab,Short,Wid9,Uni,Fixed,p1,Mp,Uni2L,8,0.324910115,-0.445132802,-0.720025662,gevGumbel,LognormalTF,Lognormal
Slab,Short,Wid9,Uni,Fixed,p1,Mp,Uni2L,10,0.505809677,-0.19832016,-0.523017763,gevGumbel,LognormalTF,Lognormal
Slab,Short,Wid9,Uni,Fixed,p1,Mn,Uni2L,4,0.017467415,-1.116785125,-1.195728831,gevGumbel,LognormalTF,LognormalTF
Slab,Short,Wid9,Uni,Fixed,p1,Mn,Uni2L,6,0.568680943,-0.2495763,-0.489552567,gevGumbel,LognormalTF,Lognormal
Slab,Short,Wid9,Uni,Fixed,p1,Mn,Uni2L,8,1.089144377,0.275489458,-0.14544304,gevGumbel,Normal,LognormalTF
Slab,Short,Wid9,Uni,Fixed,p1,Mn,Uni2L,10,1.267720356,0.375145792,0.117546891,gevGumbel,gev,LognormalTF
Slab,Short,Wid9,Uni,Fixed,p1,MxMid,Uni2L,4,-0.225418587,-1.404769635,-0.995704561,gevGumbel,Lognormal,gevGumbel
Slab,Short,Wid9,Uni,Fixed,p1,MxMid,Uni2L,6,0.142162273,-0.794197156,-0.546664292,gevGumbel,LognormalTF,gevGumbel
Slab,Short,Wid9,Uni,Fixed,p1,MxMid,Uni2L,8,0.673654199,-0.214230177,-0.511566463,gevGumbel,Normal,Lognormal
Slab,Short,Wid9,Uni,Fixed,p1,MxMid,Uni2L,10,0.910692114,0.095005528,-0.266571674,gevGumbel,Normal,Lognormal
Slab,Short,Wid9,Uni,Fixed,p1,MxEdg,Uni2L,4,0.025479521,-1.114471903,-1.181348075,gevGumbel,LognormalTF,LognormalTF
Slab,Short,Wid9,Uni,Fixed,p1,MxEdg,Uni2L,6,0.560557203,-0.263966132,-0.483735946,gevGumbel,LognormalTF,Lognormal
Slab,Short,Wid9,Uni,Fixed,p1,MxEdg,Uni2L,8,1.10011463,0.281842008,-0.138726169,gevGumbel,Normal,LognormalTF
Slab,Short,Wid9,Uni,Fixed,p1,MxEdg,Uni2L,10,1.265249227,0.364990074,0.112582666,gevGumbel,gev,LognormalTF
Slab,Short,Wid9,Uni,Fixed,p2,V,Uni2L,4,-0.132275347,-1.296846643,-1.264078783,gevGumbel,LognormalTF,Lognormal
Slab,Short,Wid9,Uni,Fixed,p2,V,Uni2L,6,0.135688447,-0.733083516,-0.888144763,gevGumbel,LognormalTF,Lognormal
Slab,Short,Wid9,Uni,Fixed,p2,V,Uni2L,8,0.530510372,-0.296443808,-0.588739371,gevGumbel,Normal,LognormalTF
Slab,Short,Wid9,Uni,Fixed,p2,V,Uni2L,10,0.806908155,-0.061731032,-0.408319922,gevGumbel,gev,Normal
Slab,Short,Wid9,Uni,Fixed,p2,Mp,Uni2L,4,-0.151303005,-0.936412545,-0.994948582,gevGumbel,gevGumbel,gevGumbel
Slab,Short,Wid9,Uni,Fixed,p2,Mp,Uni2L,6,-0.36586891,-1.157391837,-1.022553899,gevGumbel,Lognormal,gevGumbel
Slab,Short,Wid9,Uni,Fixed,p2,Mp,Uni2L,8,-0.155190848,-0.896230781,-0.801669669,gevGumbel,LognormalTF,gevGumbel
Slab,Short,Wid9,Uni,Fixed,p2,Mp,Uni2L,10,0.089776527,-0.589920746,-0.892915022,gevGumbel,LognormalTF,Lognormal
Slab,Short,Wid9,Uni,Fixed,p2,Mn,Uni2L,4,-0.338372716,-1.321838221,-1.463757238,gevGumbel,Lognormal,Lognormal
Slab,Short,Wid9,Uni,Fixed,p2,Mn,Uni2L,6,0.086558198,-0.708487811,-0.921926287,gevGumbel,LognormalTF,Lognormal
Slab,Short,Wid9,Uni,Fixed,p2,Mn,Uni2L,8,0.66805899,-0.109691351,-0.459162578,gevGumbel,Normal,LognormalTF
Slab,Short,Wid9,Uni,Fixed,p2,Mn,Uni2L,10,0.987140648,0.25673451,-0.091720442,gevGumbel,Normal,LognormalTF
Slab,Short,Wid9,Uni,Fixed,p2,MxMid,Uni2L,4,0.795314357,0.080811033,-0.176896312,LognormalTF,LognormalTF,LognormalTF
Slab,Short,Wid9,Uni,Fixed,p2,MxMid,Uni2L,6,0.652731158,-0.228595976,-0.485208605,gevGumbel,LognormalTF,Lognormal
Slab,Short,Wid9,Uni,Fixed,p2,MxMid,Uni2L,8,1.2019905,0.334295791,-0.114284965,gevGumbel,Normal,LognormalTF
Slab,Short,Wid9,Uni,Fixed,p2,MxMid,Uni2L,10,1.349924115,0.422515422,0.104262748,gevGumbel,gev,LognormalTF
Slab,Short,Wid9,Uni,Fixed,p2,MxEdg,Uni2L,4,-0.3068113,-1.283643231,-1.429682717,gevGumbel,Lognormal,Lognormal
Slab,Short,Wid9,Uni,Fixed,p2,MxEdg,Uni2L,6,0.051163657,-0.743552897,-0.961821332,gevGumbel,LognormalTF,Lognormal
Slab,Short,Wid9,Uni,Fixed,p2,MxEdg,Uni2L,8,0.661447491,-0.119389469,-0.471276647,gevGumbel,Normal,LognormalTF
Slab,Short,Wid9,Uni,Fixed,p2,MxEdg,Uni2L,10,0.980767022,0.248519759,-0.101875072,gevGumbel,Normal,LognormalTF
Slab,Short,Wid9,Uni,Fixed,p3,V,Uni2L,4,-1.005191117,-1.46655091,-1.462328499,gevGumbel,gevGumbel,gevGumbel
Slab,Short,Wid9,Uni,Fixed,p3,V,Uni2L,6,-0.456556632,-1.234971357,-0.872673627,gevGumbel,LognormalTF,gevGumbel
Slab,Short,Wid9,Uni,Fixed,p3,V,Uni2L,8,-0.038256787,-0.673952339,-0.503314283,gevGumbel,Lognormal,gevGumbel
Slab,Short,Wid9,Uni,Fixed,p3,V,Uni2L,10,0.260724395,-0.44868053,-0.570237227,gevGumbel,LognormalTF,LognormalTF
Slab,Short,Wid9,Uni,Fixed,p3,Mp,Uni2L,4,-0.112808643,-1.167710467,-1.15963621,gevGumbel,LognormalTF,LognormalTF
Slab,Short,Wid9,Uni,Fixed,p3,Mp,Uni2L,6,-0.401062496,-1.228609009,-1.225398748,gevGumbel,LognormalTF,LognormalTF
Slab,Short,Wid9,Uni,Fixed,p3,Mp,Uni2L,8,-0.238867756,-0.972836369,-1.011202972,gevGumbel,Lognormal,LognormalTF
Slab,Short,Wid9,Uni,Fixed,p3,Mp,Uni2L,10,-0.001514488,-0.630578659,-0.455667741,gevGumbel,Lognormal,gevGumbel
Slab,Short,Wid9,Uni,Fixed,p3,Mn,Uni2L,4,-0.897558018,-1.338765447,-1.338666715,gevGumbel,gevGumbel,gevGumbel
Slab,Short,Wid9,Uni,Fixed,p3,Mn,Uni2L,6,-0.139138989,-0.8165263,-0.531363445,gevGumbel,Lognormal,gevGumbel
Slab,Short,Wid9,Uni,Fixed,p3,Mn,Uni2L,8,0.41904244,-0.29777985,-0.126469366,gevGumbel,LognormalTF,gevGumbel
Slab,Short,Wid9,Uni,Fixed,p3,Mn,Uni2L,10,0.751917779,0.058549583,-0.123369041,gevGumbel,LognormalTF,LognormalTF
Slab,Short,Wid9,Uni,Fixed,p3,MxMid,Uni2L,4,-1.054971504,-1.512605807,-1.509454343,gevGumbel,gevGumbel,gevGumbel
Slab,Short,Wid9,Uni,Fixed,p3,MxMid,Uni2L,6,-0.597876044,-0.970945074,-0.991271601,gevGumbel,gevGumbel,gevGumbel
Slab,Short,Wid9,Uni,Fixed,p3,MxMid,Uni2L,8,-0.217650231,-0.861592147,-0.996220532,gevGumbel,Lognormal,LognormalTF
Slab,Short,Wid9,Uni,Fixed,p3,MxMid,Uni2L,10,0.088701284,-0.606144855,-0.720926845,gevGumbel,LognormalTF,LognormalTF
Slab,Short,Wid9,Uni,Fixed,p3,MxEdg,Uni2L,4,-0.938986852,-1.383549649,-1.382872258,gevGumbel,gevGumbel,gevGumbel
Slab,Short,Wid9,Uni,Fixed,p3,MxEdg,Uni2L,6,-0.155191343,-0.839612911,-0.5441734,gevGumbel,Lognormal,gevGumbel
Slab,Short,Wid9,Uni,Fixed,p3,MxEdg,Uni2L,8,0.43492613,-0.28205901,-0.110228298,gevGumbel,LognormalTF,gevGumbel
Slab,Short,Wid9,Uni,Fixed,p3,MxEdg,Uni2L,10,0.755070326,0.059409782,-0.123972466,gevGumbel,LognormalTF,LognormalTF
Slab,Short,Wid9,Uni,Semi,p1,V,Uni2L,4,0.159735554,-1.018718025,-1.15777293,gevGumbel,LognormalTF,LognormalTF
Slab,Short,Wid9,Uni,Semi,p1,V,Uni2L,6,0.603611286,-0.377030835,-0.648136415,gevGumbel,Normal,LognormalTF
Slab,Short,Wid9,Uni,Semi,p1,V,Uni2L,8,0.970509968,-0.034466214,-0.358770475,gevGumbel,gev,Normal
Slab,Short,Wid9,Uni,Semi,p1,V,Uni2L,10,0.817803587,0.115918745,-0.136256871,Lognormal,gev,Normal
Slab,Short,Wid9,Uni,Semi,p1,Mp,Uni2L,4,0.19394599,-0.835427284,-0.564035993,gevGumbel,Lognormal,gevGumbel
Slab,Short,Wid9,Uni,Semi,p1,Mp,Uni2L,6,0.209157088,-0.590826826,-0.832317866,gevGumbel,LognormalTF,Lognormal
Slab,Short,Wid9,Uni,Semi,p1,Mp,Uni2L,8,0.488324498,-0.298122158,-0.566047471,gevGumbel,Normal,Lognormal
Slab,Short,Wid9,Uni,Semi,p1,Mp,Uni2L,10,0.670233951,-0.051270084,-0.389823557,gevGumbel,Normal,LognormalTF
Slab,Short,Wid9,Uni,Semi,p1,Mn,Uni2L,4,-0.040888155,-1.093946292,-1.062516518,gevGumbel,LognormalTF,Lognormal
Slab,Short,Wid9,Uni,Semi,p1,Mn,Uni2L,6,0.537009634,-0.223594565,-0.558201246,gevGumbel,LognormalTF,Lognormal
Slab,Short,Wid9,Uni,Semi,p1,Mn,Uni2L,8,0.991024587,0.226836005,-0.284438777,gevGumbel,Normal,Normal
Slab,Short,Wid9,Uni,Semi,p1,Mn,Uni2L,10,1.117079232,0.28841262,0.065184705,gevGumbel,gev,LognormalTF
Slab,Short,Wid9,Uni,Semi,p1,MxMid,Uni2L,4,-0.127620117,-1.176334678,-0.83933269,gevGumbel,Lognormal,gevGumbel
Slab,Short,Wid9,Uni,Semi,p1,MxMid,Uni2L,6,0.388086397,-0.457391725,-0.367123502,gevGumbel,LognormalTF,gevGumbel
Slab,Short,Wid9,Uni,Semi,p1,MxMid,Uni2L,8,0.909497574,0.059820064,-0.312654857,gevGumbel,Normal,Lognormal
Slab,Short,Wid9,Uni,Semi,p1,MxMid,Uni2L,10,1.086747292,0.208393209,-0.133786582,gevGumbel,gev,LognormalTF
Slab,Short,Wid9,Uni,Semi,p1,MxEdg,Uni2L,4,-0.015720153,-1.101438433,-1.082308435,gevGumbel,LognormalTF,Lognormal
Slab,Short,Wid9,Uni,Semi,p1,MxEdg,Uni2L,6,0.592493616,-0.177643532,-0.519749513,gevGumbel,LognormalTF,Lognormal
Slab,Short,Wid9,Uni,Semi,p1,MxEdg,Uni2L,8,1.016161106,0.240468884,-0.276928227,gevGumbel,Normal,Normal
Slab,Short,Wid9,Uni,Semi,p1,MxEdg,Uni2L,10,1.144628712,0.28885435,0.074333937,gevGumbel,gev,LognormalTF
Slab,Short,Wid9,Uni,Semi,p2,V,Uni2L,4,-0.212230593,-1.292238415,-1.312625562,gevGumbel,LognormalTF,Lognormal
Slab,Short,Wid9,Uni,Semi,p2,V,Uni2L,6,0.196479655,-0.607397545,-0.843160084,gevGumbel,LognormalTF,Lognormal
Slab,Short,Wid9,Uni,Semi,p2,V,Uni2L,8,0.560845173,-0.240447603,-0.532044291,gevGumbel,Normal,LognormalTF
Slab,Short,Wid9,Uni,Semi,p2,V,Uni2L,10,0.783762096,-0.077688829,-0.384710814,gevGumbel,gev,Normal
Slab,Short,Wid9,Uni,Semi,p2,Mp,Uni2L,4,-0.423244643,-1.034221511,-1.149149305,gevGumbel,gevGumbel,gevGumbel
Slab,Short,Wid9,Uni,Semi,p2,Mp,Uni2L,6,-0.269541344,-0.909454031,-0.899526545,gevGumbel,Lognormal,gevGumbel
Slab,Short,Wid9,Uni,Semi,p2,Mp,Uni2L,8,0.1074263,-0.575873648,-0.581326891,gevGumbel,LognormalTF,gevGumbel
Slab,Short,Wid9,Uni,Semi,p2,Mp,Uni2L,10,0.377754729,-0.269578784,-0.573593421,gevGumbel,LognormalTF,Lognormal
Slab,Short,Wid9,Uni,Semi,p2,Mn,Uni2L,4,-0.412357774,-1.291605949,-1.452986197,gevGumbel,Lognormal,Lognormal
Slab,Short,Wid9,Uni,Semi,p2,Mn,Uni2L,6,0.207868199,-0.520515982,-0.504731383,gevGumbel,LognormalTF,gevGumbel
Slab,Short,Wid9,Uni,Semi,p2,Mn,Uni2L,8,0.770735558,0.024884978,-0.312705586,gevGumbel,Normal,LognormalTF
Slab,Short,Wid9,Uni,Semi,p2,Mn,Uni2L,10,0.973310416,0.271973145,-0.020316492,gevGumbel,Normal,LognormalTF
Slab,Short,Wid9,Uni,Semi,p2,MxMid,Uni2L,4,0.482828924,-0.648246445,-0.70162005,gevGumbel,LognormalTF,Lognormal
Slab,Short,Wid9,Uni,Semi,p2,MxMid,Uni2L,6,0.916120868,-0.000417571,-0.341082163,gevGumbel,Normal,Lognormal
Slab,Short,Wid9,Uni,Semi,p2,MxMid,Uni2L,8,1.343334557,0.396882346,0.050402903,gevGumbel,gev,LognormalTF
Slab,Short,Wid9,Uni,Semi,p2,MxMid,Uni2L,10,1.374906937,0.474420791,0.186084418,gevGumbel,gev,LognormalTF
Slab,Short,Wid9,Uni,Semi,p2,MxEdg,Uni2L,4,-0.395065768,-1.285591574,-1.462649209,gevGumbel,Lognormal,Lognormal
Slab,Short,Wid9,Uni,Semi,p2,MxEdg,Uni2L,6,0.178369647,-0.558971103,-0.857386592,gevGumbel,LognormalTF,Lognormal
Slab,Short,Wid9,Uni,Semi,p2,MxEdg,Uni2L,8,0.753912909,0.002488401,-0.335048162,gevGumbel,Normal,LognormalTF
Slab,Short,Wid9,Uni,Semi,p2,MxEdg,Uni2L,10,0.746235354,0.292453866,-0.005996528,Lognormal,Normal,LognormalTF
Slab,Short,Wid9,Uni,Semi,p3,V,Uni2L,4,-0.889532582,-1.335051748,-1.34368707,gevGumbel,gevGumbel,gevGumbel
Slab,Short,Wid9,Uni,Semi,p3,V,Uni2L,6,-0.356501194,-1.107451646,-0.794086453,gevGumbel,Lognormal,gevGumbel
Slab,Short,Wid9,Uni,Semi,p3,V,Uni2L,8,0.05936172,-0.679068964,-0.430114778,gevGumbel,LognormalTF,gevGumbel
Slab,Short,Wid9,Uni,Semi,p3,V,Uni2L,10,0.329050591,-0.37330575,-0.508477533,gevGumbel,LognormalTF,LognormalTF
Slab,Short,Wid9,Uni,Semi,p3,Mp,Uni2L,4,-0.373731188,-1.2923813,-1.294915411,gevGumbel,Lognormal,LognormalTF
Slab,Short,Wid9,Uni,Semi,p3,Mp,Uni2L,6,-0.298708896,-1.064294225,-1.080355986,gevGumbel,Lognormal,LognormalTF
Slab,Short,Wid9,Uni,Semi,p3,Mp,Uni2L,8,0.011131512,-0.610467104,-0.445705297,gevGumbel,Lognormal,gevGumbel
Slab,Short,Wid9,Uni,Semi,p3,Mp,Uni2L,10,0.300621106,-0.386458569,-0.514257919,gevGumbel,LognormalTF,LognormalTF
Slab,Short,Wid9,Uni,Semi,p3,Mn,Uni2L,4,-0.719769737,-1.1308925,-1.128349496,gevGumbel,gevGumbel,gevGumbel
Slab,Short,Wid9,Uni,Semi,p3,Mn,Uni2L,6,0.031481532,-0.589928223,-0.393419077,gevGumbel,Lognormal,gevGumbel
Slab,Short,Wid9,Uni,Semi,p3,Mn,Uni2L,8,0.569177406,-0.144287823,-0.313923616,gevGumbel,LognormalTF,LognormalTF
Slab,Short,Wid9,Uni,Semi,p3,Mn,Uni2L,10,0.833376918,0.160755022,-0.02376398,gevGumbel,LognormalTF,LognormalTF
Slab,Short,Wid9,Uni,Semi,p3,MxMid,Uni2L,4,-0.92511822,-1.354212148,-1.354078654,gevGumbel,gevGumbel,gevGumbel
Slab,Short,Wid9,Uni,Semi,p3,MxMid,Uni2L,6,-0.397363044,-1.121874186,-0.800755742,gevGumbel,Lognormal,gevGumbel
Slab,Short,Wid9,Uni,Semi,p3,MxMid,Uni2L,8,0.019262953,-0.688049541,-0.794354381,gevGumbel,LognormalTF,LognormalTF
Slab,Short,Wid9,Uni,Semi,p3,MxMid,Uni2L,10,0.259796341,-0.420017037,-0.569547738,gevGumbel,LognormalTF,LognormalTF
Slab,Short,Wid9,Uni,Semi,p3,MxEdg,Uni2L,4,-0.769674795,-1.188933852,-1.18916128,gevGumbel,gevGumbel,gevGumbel
Slab,Short,Wid9,Uni,Semi,p3,MxEdg,Uni2L,6,0.026030898,-0.60625152,-0.409165487,gevGumbel,Lognormal,gevGumbel
Slab,Short,Wid9,Uni,Semi,p3,MxEdg,Uni2L,8,0.576959307,-0.145528665,-0.318427509,gevGumbel,LognormalTF,LognormalTF
Slab,Short,Wid9,Uni,Semi,p3,MxEdg,Uni2L,10,0.878704505,0.198431071,0.008099637,gevGumbel,LognormalTF,LognormalTF
Slab,Short,Wid9,Bi,Fixed,p1,V,Bi2L,4,-0.7581316,-1.217578611,-1.223781274,LognormalTF,gev,gev
Slab,Short,Wid9,Bi,Fixed,p1,V,Bi2L,6,-0.040274898,-0.80196231,-0.951876891,gevGumbel,gevGumbel,gevGumbel
Slab,Short,Wid9,Bi,Fixed,p1,V,Bi2L,8,0.246154501,-0.553365835,-0.758183253,gevGumbel,gev,gev
Slab,Short,Wid9,Bi,Fixed,p1,V,Bi2L,10,0.433512745,-0.435127391,-0.43729593,gevGumbel,Normal,LognormalTF
Slab,Short,Wid9,Bi,Fixed,p1,Mp,Bi2L,4,-0.253798139,-0.61710014,-0.614305755,LognormalTF,gevGumbel,gevGumbel
Slab,Short,Wid9,Bi,Fixed,p1,Mp,Bi2L,6,-0.539276745,-0.946886945,-0.977035895,LognormalTF,gev,gev
Slab,Short,Wid9,Bi,Fixed,p1,Mp,Bi2L,8,-0.152759774,-0.893702973,-1.008075521,gevGumbel,gevGumbel,gevGumbel
Slab,Short,Wid9,Bi,Fixed,p1,Mp,Bi2L,10,-0.054996189,-0.832339995,-0.83580935,gevGumbel,gev,gevGumbel
Slab,Short,Wid9,Bi,Fixed,p1,Mn,Bi2L,4,-0.753308658,-1.325916854,-1.364267598,LognormalTF,gevGumbel,gevGumbel
Slab,Short,Wid9,Bi,Fixed,p1,Mn,Bi2L,6,0.083493274,-0.955119979,-0.874882799,gevGumbel,LognormalTF,gevGumbel
Slab,Short,Wid9,Bi,Fixed,p1,Mn,Bi2L,8,0.40165343,-0.469080756,-0.63571161,gevGumbel,gev,LognormalTF
Slab,Short,Wid9,Bi,Fixed,p1,Mn,Bi2L,10,0.540917589,-0.176823645,-0.406829127,gevGumbel,gev,gev
Slab,Short,Wid9,Bi,Fixed,p1,MxMid,Bi2L,4,-0.945699578,-1.609739365,-1.623905917,LognormalTF,gevGumbel,gevGumbel
Slab,Short,Wid9,Bi,Fixed,p1,MxMid,Bi2L,6,-0.492581929,-1.115900127,-1.188062903,LognormalTF,gevGumbel,gevGumbel
Slab,Short,Wid9,Bi,Fixed,p1,MxMid,Bi2L,8,-0.028614404,-0.869504268,-0.827961566,gev,LognormalTF,gevGumbel
Slab,Short,Wid9,Bi,Fixed,p1,MxMid,Bi2L,10,0.303223756,-0.59731849,-0.581688406,gevGumbel,gev,gevGumbel
Slab,Short,Wid9,Bi,Fixed,p1,MxEdg,Bi2L,4,-0.743026982,-1.306085971,-1.341465144,LognormalTF,gevGumbel,gevGumbel
Slab,Short,Wid9,Bi,Fixed,p1,MxEdg,Bi2L,6,0.073587947,-0.958419563,-0.871504372,gevGumbel,LognormalTF,gevGumbel
Slab,Short,Wid9,Bi,Fixed,p1,MxEdg,Bi2L,8,0.411034296,-0.466251217,-0.629168509,gevGumbel,gev,LognormalTF
Slab,Short,Wid9,Bi,Fixed,p1,MxEdg,Bi2L,10,0.537334497,-0.180672355,-0.411845051,gevGumbel,gev,gev
Slab,Short,Wid9,Bi,Fixed,p2,V,Bi2L,4,-0.811124992,-1.255036108,-1.235844987,LognormalTF,gev,gev
Slab,Short,Wid9,Bi,Fixed,p2,V,Bi2L,6,-0.419626876,-1.100040195,-1.208588441,gev,gevGumbel,gevGumbel
Slab,Short,Wid9,Bi,Fixed,p2,V,Bi2L,8,-0.044655929,-0.886565452,-0.82603031,gevGumbel,gev,gevGumbel
Slab,Short,Wid9,Bi,Fixed,p2,V,Bi2L,10,0.122925201,-0.651480332,-0.754310005,gevGumbel,Lognormal,LognormalTF
Slab,Short,Wid9,Bi,Fixed,p2,Mp,Bi2L,4,-0.716242649,-1.02366367,-1.010684267,LognormalTF,gev,gev
Slab,Short,Wid9,Bi,Fixed,p2,Mp,Bi2L,6,-0.91038602,-1.458463924,-1.487062098,LognormalTF,gevGumbel,gevGumbel
Slab,Short,Wid9,Bi,Fixed,p2,Mp,Bi2L,8,-0.587517713,-1.208763647,-1.266884387,gev,gevGumbel,gevGumbel
Slab,Short,Wid9,Bi,Fixed,p2,Mp,Bi2L,10,-0.34339278,-1.160266836,-1.235213186,gevGumbel,LognormalTF,LognormalTF
Slab,Short,Wid9,Bi,Fixed,p2,Mn,Bi2L,4,-0.991451988,-1.539533899,-1.540512764,LognormalTF,gev,gev
Slab,Short,Wid9,Bi,Fixed,p2,Mn,Bi2L,6,-0.498661069,-1.326381599,-1.214704466,gev,LognormalTF,gevGumbel
Slab,Short,Wid9,Bi,Fixed,p2,Mn,Bi2L,8,0.066868665,-0.792511366,-0.90915981,gevGumbel,gev,Lognormal
Slab,Short,Wid9,Bi,Fixed,p2,Mn,Bi2L,10,0.327618112,-0.483767937,-0.58544333,gevGumbel,Normal,gev
Slab,Short,Wid9,Bi,Fixed,p2,MxMid,Bi2L,4,-0.133178239,-0.933181513,-0.758964349,gev,gev,gevGumbel
Slab,Short,Wid9,Bi,Fixed,p2,MxMid,Bi2L,6,0.197769408,-0.936879214,-0.870879593,gevGumbel,LognormalTF,gevGumbel
Slab,Short,Wid9,Bi,Fixed,p2,MxMid,Bi2L,8,0.528297076,-0.532311242,-0.631880521,gevGumbel,Lognormal,LognormalTF
Slab,Short,Wid9,Bi,Fixed,p2,MxMid,Bi2L,10,0.629445818,-0.380387943,-0.446187809,gevGumbel,Normal,Lognormal
Slab,Short,Wid9,Bi,Fixed,p2,MxEdg,Bi2L,4,-0.949944622,-1.516933732,-1.521058999,LognormalTF,gev,gev
Slab,Short,Wid9,Bi,Fixed,p2,MxEdg,Bi2L,6,-0.53139452,-1.365404679,-1.253049662,gev,LognormalTF,gevGumbel
Slab,Short,Wid9,Bi,Fixed,p2,MxEdg,Bi2L,8,0.051159383,-0.807423226,-0.928215939,gevGumbel,gev,Lognormal
Slab,Short,Wid9,Bi,Fixed,p2,MxEdg,Bi2L,10,0.32065396,-0.425718218,-0.594544237,gevGumbel,gev,gev
Slab,Short,Wid9,Bi,Fixed,p3,V,Bi2L,4,-1.656443885,-2.530643962,-2.531051242,gevGumbel,LognormalTF,LognormalTF
Slab,Short,Wid9,Bi,Fixed,p3,V,Bi2L,6,-0.829529299,-1.927646908,-1.926427592,gevGumbel,gev,gev
Slab,Short,Wid9,Bi,Fixed,p3,V,Bi2L,8,-0.392254469,-1.445585815,-1.443736298,gevGumbel,gev,gev
Slab,Short,Wid9,Bi,Fixed,p3,V,Bi2L,10,-0.439426724,-1.128815966,-1.129737917,LognormalTF,gev,gev
Slab,Short,Wid9,Bi,Fixed,p3,Mp,Bi2L,4,-1.113803316,-1.880485023,-1.881622213,gevGumbel,LognormalTF,LognormalTF
Slab,Short,Wid9,Bi,Fixed,p3,Mp,Bi2L,6,-0.954373869,-1.789137977,-1.789048525,gevGumbel,Normal,Normal
Slab,Short,Wid9,Bi,Fixed,p3,Mp,Bi2L,8,-0.573176616,-1.553724704,-1.553437639,gevGumbel,gev,gev
Slab,Short,Wid9,Bi,Fixed,p3,Mp,Bi2L,10,-0.286358503,-1.236129775,-1.236364503,gevGumbel,gev,gev
Slab,Short,Wid9,Bi,Fixed,p3,Mn,Bi2L,4,-1.406583808,-2.350969734,-2.350248444,gevGumbel,Normal,Normal
Slab,Short,Wid9,Bi,Fixed,p3,Mn,Bi2L,6,-0.31572339,-1.414276495,-1.41374818,gevGumbel,gev,gev
Slab,Short,Wid9,Bi,Fixed,p3,Mn,Bi2L,8,-0.156834108,-0.901122643,-0.900691698,LognormalTF,gev,gev
Slab,Short,Wid9,Bi,Fixed,p3,Mn,Bi2L,10,0.154452145,-0.594135372,-0.597281445,LognormalTF,gev,gev
Slab,Short,Wid9,Bi,Fixed,p3,MxMid,Bi2L,4,-1.627524593,-2.541618447,-2.540386453,gevGumbel,LognormalTF,LognormalTF
Slab,Short,Wid9,Bi,Fixed,p3,MxMid,Bi2L,6,-0.865968482,-1.922565413,-1.922314623,gevGumbel,gev,gev
Slab,Short,Wid9,Bi,Fixed,p3,MxMid,Bi2L,8,-0.418807645,-1.447170756,-1.446939231,gevGumbel,gev,gev
Slab,Short,Wid9,Bi,Fixed,p3,MxMid,Bi2L,10,-0.138508469,-1.115136634,-1.115281146,gevGumbel,gev,gev
Slab,Short,Wid9,Bi,Fixed,p3,MxEdg,Bi2L,4,-1.454385156,-2.412086697,-2.411356561,gevGumbel,Normal,Normal
Slab,Short,Wid9,Bi,Fixed,p3,MxEdg,Bi2L,6,-0.338242788,-1.438943746,-1.438387344,gevGumbel,gev,gev
Slab,Short,Wid9,Bi,Fixed,p3,MxEdg,Bi2L,8,-0.154351656,-0.894962366,-0.894567481,LognormalTF,gev,gev
Slab,Short,Wid9,Bi,Fixed,p3,MxEdg,Bi2L,10,0.152554978,-0.596451856,-0.600016634,LognormalTF,gev,gev
Slab,Short,Wid9,Bi,Semi,p1,V,Bi2L,4,-0.780179168,-1.256635745,-1.329348144,LognormalTF,gev,gev
Slab,Short,Wid9,Bi,Semi,p1,V,Bi2L,6,-0.053197951,-0.918022875,-0.909118543,gevGumbel,gev,gevGumbel
Slab,Short,Wid9,Bi,Semi,p1,V,Bi2L,8,0.178075731,-0.657416114,-0.74476826,gevGumbel,Lognormal,LognormalTF
Slab,Short,Wid9,Bi,Semi,p1,V,Bi2L,10,0.295450005,-0.506520894,-0.553975747,gevGumbel,Normal,gev
Slab,Short,Wid9,Bi,Semi,p1,Mp,Bi2L,4,-0.502576952,-0.851977072,-0.841895895,LognormalTF,gev,gev
Slab,Short,Wid9,Bi,Semi,p1,Mp,Bi2L,6,-0.520227578,-1.011417244,-1.102984212,LognormalTF,gevGumbel,gevGumbel
Slab,Short,Wid9,Bi,Semi,p1,Mp,Bi2L,8,-0.068026024,-0.878149087,-0.855299784,gevGumbel,gev,gevGumbel
Slab,Short,Wid9,Bi,Semi,p1,Mp,Bi2L,10,0.089883256,-0.674811443,-0.801595039,gevGumbel,gev,Lognormal
Slab,Short,Wid9,Bi,Semi,p1,Mn,Bi2L,4,-0.757583045,-1.350543522,-1.398013117,LognormalTF,gevGumbel,gevGumbel
Slab,Short,Wid9,Bi,Semi,p1,Mn,Bi2L,6,0.047777692,-0.97214171,-1.076992581,gevGumbel,gev,LognormalTF
Slab,Short,Wid9,Bi,Semi,p1,Mn,Bi2L,8,0.326509227,-0.493522646,-0.621729895,gevGumbel,gev,LognormalTF
Slab,Short,Wid9,Bi,Semi,p1,Mn,Bi2L,10,0.473494167,-0.222745378,-0.416945523,gevGumbel,gev,gev
Slab,Short,Wid9,Bi,Semi,p1,MxMid,Bi2L,4,-0.821725989,-1.447269259,-1.468655503,LognormalTF,gevGumbel,gevGumbel
Slab,Short,Wid9,Bi,Semi,p1,MxMid,Bi2L,6,-0.306886126,-0.918809225,-1.036753338,LognormalTF,gevGumbel,gevGumbel
Slab,Short,Wid9,Bi,Semi,p1,MxMid,Bi2L,8,0.309693125,-0.629603103,-0.631689277,gevGumbel,LognormalTF,gevGumbel
Slab,Short,Wid9,Bi,Semi,p1,MxMid,Bi2L,10,0.42732166,-0.397176741,-0.595560944,gevGumbel,gev,LognormalTF
Slab,Short,Wid9,Bi,Semi,p1,MxEdg,Bi2L,4,-0.802201901,-1.375334642,-1.430170565,LognormalTF,gevGumbel,gevGumbel
Slab,Short,Wid9,Bi,Semi,p1,MxEdg,Bi2L,6,0.075038724,-0.951474016,-1.056379353,gevGumbel,gev,LognormalTF
Slab,Short,Wid9,Bi,Semi,p1,MxEdg,Bi2L,8,0.336684679,-0.489558229,-0.625007435,gevGumbel,gev,Lognormal
Slab,Short,Wid9,Bi,Semi,p1,MxEdg,Bi2L,10,0.480145083,-0.278330474,-0.414632732,gevGumbel,Normal,gev
Slab,Short,Wid9,Bi,Semi,p2,V,Bi2L,4,-0.94347577,-1.472986245,-1.517554319,LognormalTF,gevGumbel,gevGumbel
Slab,Short,Wid9,Bi,Semi,p2,V,Bi2L,6,-0.298542714,-1.201553232,-1.140123959,gevGumbel,gev,gevGumbel
Slab,Short,Wid9,Bi,Semi,p2,V,Bi2L,8,-0.068662992,-0.840117609,-0.976995997,gevGumbel,gev,LognormalTF
Slab,Short,Wid9,Bi,Semi,p2,V,Bi2L,10,0.091054955,-0.712371501,-0.713315789,gevGumbel,Normal,LognormalTF
Slab,Short,Wid9,Bi,Semi,p2,Mp,Bi2L,4,-0.941718345,-1.41745598,-1.409902788,LognormalTF,gev,gev
Slab,Short,Wid9,Bi,Semi,p2,Mp,Bi2L,6,-0.863670653,-1.330788581,-1.377103189,LognormalTF,gevGumbel,gevGumbel
Slab,Short,Wid9,Bi,Semi,p2,Mp,Bi2L,8,-0.329597995,-1.152557076,-1.201953344,gevGumbel,Lognormal,Lognormal
Slab,Short,Wid9,Bi,Semi,p2,Mp,Bi2L,10,-0.083540235,-0.950296857,-0.957245448,gevGumbel,gev,Normal
Slab,Short,Wid9,Bi,Semi,p2,Mn,Bi2L,4,-1.073909877,-1.640168984,-1.679100234,LognormalTF,gevGumbel,gevGumbel
Slab,Short,Wid9,Bi,Semi,p2,Mn,Bi2L,6,-0.244084035,-1.229809548,-1.243517122,gevGumbel,gev,LognormalTF
Slab,Short,Wid9,Bi,Semi,p2,Mn,Bi2L,8,0.182428687,-0.684757191,-0.761195313,gevGumbel,gev,Normal
Slab,Short,Wid9,Bi,Semi,p2,Mn,Bi2L,10,0.410381138,-0.361527061,-0.496609781,gevGumbel,gev,gev
Slab,Short,Wid9,Bi,Semi,p2,MxMid,Bi2L,4,-0.376820038,-1.079949824,-1.171808528,gev,gevGumbel,gevGumbel
Slab,Short,Wid9,Bi,Semi,p2,MxMid,Bi2L,6,0.377844978,-0.739576572,-0.880586885,gevGumbel,gev,LognormalTF
Slab,Short,Wid9,Bi,Semi,p2,MxMid,Bi2L,8,0.623885735,-0.316665942,-0.536488787,gevGumbel,Lognormal,gev
Slab,Short,Wid9,Bi,Semi,p2,MxMid,Bi2L,10,0.64697802,-0.264508434,-0.378492143,gevGumbel,Normal,gev
Slab,Short,Wid9,Bi,Semi,p2,MxEdg,Bi2L,4,-1.095863381,-1.638138989,-1.680103948,LognormalTF,gevGumbel,gevGumbel
Slab,Short,Wid9,Bi,Semi,p2,MxEdg,Bi2L,6,-0.272522757,-1.222961676,-1.279994139,gevGumbel,Lognormal,LognormalTF
Slab,Short,Wid9,Bi,Semi,p2,MxEdg,Bi2L,8,0.152604386,-0.706639018,-0.806184105,gevGumbel,gev,Normal
Slab,Short,Wid9,Bi,Semi,p2,MxEdg,Bi2L,10,0.411821938,-0.357825972,-0.493358802,gevGumbel,gev,gev
Slab,Short,Wid9,Bi,Semi,p3,V,Bi2L,4,-1.482941067,-2.459671131,-2.459191301,gevGumbel,Normal,Normal
Slab,Short,Wid9,Bi,Semi,p3,V,Bi2L,6,-0.730161823,-1.822126124,-1.820808022,gevGumbel,gev,gev
Slab,Short,Wid9,Bi,Semi,p3,V,Bi2L,8,-0.342162503,-1.373104586,-1.371578035,gevGumbel,gev,gev
Slab,Short,Wid9,Bi,Semi,p3,V,Bi2L,10,-0.381546455,-1.066809721,-1.068902014,LognormalTF,gev,gev
Slab,Short,Wid9,Bi,Semi,p3,Mp,Bi2L,4,-1.126965333,-1.8854839,-1.885139677,gevGumbel,LognormalTF,LognormalTF
Slab,Short,Wid9,Bi,Semi,p3,Mp,Bi2L,6,-0.657042144,-1.645383475,-1.645230064,gevGumbel,gev,gev
Slab,Short,Wid9,Bi,Semi,p3,Mp,Bi2L,8,-0.25744018,-1.223277399,-1.22328694,gevGumbel,gev,gev
Slab,Short,Wid9,Bi,Semi,p3,Mp,Bi2L,10,0.010027312,-0.903190837,-0.904390844,gevGumbel,gev,gev
Slab,Short,Wid9,Bi,Semi,p3,Mn,Bi2L,4,-1.120638533,-2.216537417,-2.216294295,gevGumbel,gev,gev
Slab,Short,Wid9,Bi,Semi,p3,Mn,Bi2L,6,-0.114029315,-1.207937782,-1.207454153,gevGumbel,gev,gev
Slab,Short,Wid9,Bi,Semi,p3,Mn,Bi2L,8,-0.008660254,-0.768280897,-0.768039787,LognormalTF,gev,gev
Slab,Short,Wid9,Bi,Semi,p3,Mn,Bi2L,10,0.258653876,-0.413083014,-0.419895553,LognormalTF,gev,gev
Slab,Short,Wid9,Bi,Semi,p3,MxMid,Bi2L,4,-1.42163264,-2.376145736,-2.375398417,gevGumbel,Normal,Normal
Slab,Short,Wid9,Bi,Semi,p3,MxMid,Bi2L,6,-0.58667739,-1.640810065,-1.640537286,gevGumbel,gev,gev
Slab,Short,Wid9,Bi,Semi,p3,MxMid,Bi2L,8,-0.198262533,-1.207528054,-1.207381942,gevGumbel,gev,gev
Slab,Short,Wid9,Bi,Semi,p3,MxMid,Bi2L,10,-4.71E-05,-0.921087364,-0.922064345,gevGumbel,gev,gev
Slab,Short,Wid9,Bi,Semi,p3,MxEdg,Bi2L,4,-1.220118801,-2.325968848,-2.325508639,gevGumbel,gev,gev
Slab,Short,Wid9,Bi,Semi,p3,MxEdg,Bi2L,6,-0.123242022,-1.233823912,-1.233326169,gevGumbel,gev,gev
Slab,Short,Wid9,Bi,Semi,p3,MxEdg,Bi2L,8,-0.016163753,-0.786938222,-0.786749582,LognormalTF,gev,gev
Slab,Short,Wid9,Bi,Semi,p3,MxEdg,Bi2L,10,0.286229796,-0.381364367,-0.389005042,LognormalTF,gev,gev
Slab,Short,Wid18,Bi,Fixed,p1,V,Bi4L,4,-0.570113052,-1.033328331,-1.216732263,Normal,Normal,Normal
Slab,Short,Wid18,Bi,Fixed,p1,V,Bi4L,6,0.716945014,-0.313740651,-0.386389705,gevGumbel,LognormalTF,Lognormal
Slab,Short,Wid18,Bi,Fixed,p1,V,Bi4L,8,0.720810964,-0.096722789,-0.279838452,Lognormal,gev,LognormalTF
Slab,Short,Wid18,Bi,Fixed,p1,V,Bi4L,10,1.139038143,0.097138133,-0.110272095,LognormalTF,gev,Normal
Slab,Short,Wid18,Bi,Fixed,p1,Mp,Bi4L,4,0.370247024,-0.622809467,-0.6838687,gev,Normal,Normal
Slab,Short,Wid18,Bi,Fixed,p1,Mp,Bi4L,6,-0.353009626,-0.698352818,-0.943426865,Normal,Normal,Normal
Slab,Short,Wid18,Bi,Fixed,p1,Mp,Bi4L,8,0.293493838,-0.471508137,-0.477251468,LognormalTF,Normal,LognormalTF
Slab,Short,Wid18,Bi,Fixed,p1,Mp,Bi4L,10,0.337708932,-0.182593649,-0.580757705,LognormalTF,Normal,Normal
Slab,Short,Wid18,Bi,Fixed,p1,Mn,Bi4L,4,-0.60944619,-1.024846559,-1.181893336,Normal,Normal,Normal
Slab,Short,Wid18,Bi,Fixed,p1,Mn,Bi4L,6,0.707673637,-0.183306368,-0.472513744,gevGumbel,LognormalTF,Lognormal
Slab,Short,Wid18,Bi,Fixed,p1,Mn,Bi4L,8,0.99175267,0.198179671,-0.133397847,LognormalTF,gev,Normal
Slab,Short,Wid18,Bi,Fixed,p1,Mn,Bi4L,10,1.009555111,0.385428537,0.112110434,LognormalTF,gev,Normal
Slab,Short,Wid18,Bi,Fixed,p1,MxMid,Bi4L,4,0.407279823,-1.32281704,-1.413110821,gevGumbel,Normal,Normal
Slab,Short,Wid18,Bi,Fixed,p1,MxMid,Bi4L,6,0.623617172,-0.671418314,-0.907904291,gevGumbel,Normal,Normal
Slab,Short,Wid18,Bi,Fixed,p1,MxMid,Bi4L,8,0.814692598,-0.172647173,-0.476337777,gevGumbel,Normal,Lognormal
Slab,Short,Wid18,Bi,Fixed,p1,MxMid,Bi4L,10,1.169771108,0.155704819,-0.123292733,gevGumbel,gev,LognormalTF
Slab,Short,Wid18,Bi,Fixed,p1,MxEdg,Bi4L,4,-0.649790478,-1.084543804,-1.232289995,Normal,Normal,Normal
Slab,Short,Wid18,Bi,Fixed,p1,MxEdg,Bi4L,6,0.705726576,-0.192804832,-0.47987605,gevGumbel,LognormalTF,Lognormal
Slab,Short,Wid18,Bi,Fixed,p1,MxEdg,Bi4L,8,1.01888063,0.202852294,-0.126162039,LognormalTF,gev,Normal
Slab,Short,Wid18,Bi,Fixed,p1,MxEdg,Bi4L,10,1.17619676,0.484628324,0.211997006,LognormalTF,gev,Normal
Slab,Short,Wid18,Bi,Fixed,p2,V,Bi4L,4,0.42361207,-1.22825944,-1.360075443,gevGumbel,Normal,Normal
Slab,Short,Wid18,Bi,Fixed,p2,V,Bi4L,6,0.282194542,-0.655010831,-0.498816454,gevGumbel,LognormalTF,gevGumbel
Slab,Short,Wid18,Bi,Fixed,p2,V,Bi4L,8,0.797303832,-0.117754245,-0.548677158,LognormalTF,Normal,Normal
Slab,Short,Wid18,Bi,Fixed,p2,V,Bi4L,10,0.668891804,-0.066902543,-0.335463651,LognormalTF,gev,Normal
Slab,Short,Wid18,Bi,Fixed,p2,Mp,Bi4L,4,0.117303802,-1.12539994,-1.152805496,gevGumbel,LognormalTF,LognormalTF
Slab,Short,Wid18,Bi,Fixed,p2,Mp,Bi4L,6,-0.158847429,-0.840016004,-0.976781529,LognormalTF,LognormalTF,LognormalTF
Slab,Short,Wid18,Bi,Fixed,p2,Mp,Bi4L,8,-0.198393309,-0.872675075,-0.851416685,LognormalTF,Normal,LognormalTF
Slab,Short,Wid18,Bi,Fixed,p2,Mp,Bi4L,10,-0.086842908,-0.597597383,-0.69945411,LognormalTF,Normal,LognormalTF
Slab,Short,Wid18,Bi,Fixed,p2,Mn,Bi4L,4,-0.215285862,-1.316712356,-1.030542638,gevGumbel,Lognormal,gevGumbel
Slab,Short,Wid18,Bi,Fixed,p2,Mn,Bi4L,6,0.204946892,-0.63235364,-0.604661256,LognormalTF,Normal,LognormalTF
Slab,Short,Wid18,Bi,Fixed,p2,Mn,Bi4L,8,0.48846519,0.006467431,-0.452882103,LognormalTF,Normal,Normal
Slab,Short,Wid18,Bi,Fixed,p2,Mn,Bi4L,10,0.680500696,0.157569849,-0.108445722,LognormalTF,gev,Normal
Slab,Short,Wid18,Bi,Fixed,p2,MxMid,Bi4L,4,0.597049187,0.283479026,-0.180415426,Normal,Normal,Normal
Slab,Short,Wid18,Bi,Fixed,p2,MxMid,Bi4L,6,0.756631526,-0.153040468,-0.46239794,gevGumbel,LognormalTF,Lognormal
Slab,Short,Wid18,Bi,Fixed,p2,MxMid,Bi4L,8,1.288639934,0.324691125,-0.103685124,gevGumbel,Normal,LognormalTF
Slab,Short,Wid18,Bi,Fixed,p2,MxMid,Bi4L,10,1.439839366,0.405658619,0.127084256,gevGumbel,gev,LognormalTF
Slab,Short,Wid18,Bi,Fixed,p2,MxEdg,Bi4L,4,-0.188070828,-1.304247385,-1.001129907,gevGumbel,Lognormal,gevGumbel
Slab,Short,Wid18,Bi,Fixed,p2,MxEdg,Bi4L,6,0.209069591,-0.64821329,-0.601499923,LognormalTF,Normal,LognormalTF
Slab,Short,Wid18,Bi,Fixed,p2,MxEdg,Bi4L,8,0.476492634,-0.005986186,-0.468006426,LognormalTF,Normal,Normal
Slab,Short,Wid18,Bi,Fixed,p2,MxEdg,Bi4L,10,0.675993184,0.147239235,-0.121386114,LognormalTF,gev,Normal
Slab,Short,Wid18,Bi,Fixed,p3,V,Bi4L,4,-0.565398879,-1.464266764,-1.602841945,gevGumbel,LognormalTF,gev
Slab,Short,Wid18,Bi,Fixed,p3,V,Bi4L,6,0.083229193,-1.166647128,-1.118385391,LognormalTF,Normal,gev
Slab,Short,Wid18,Bi,Fixed,p3,V,Bi4L,8,0.232978203,-0.653790096,-0.716493611,LognormalTF,Normal,gev
Slab,Short,Wid18,Bi,Fixed,p3,V,Bi4L,10,0.272643958,-0.434603978,-0.605862462,LognormalTF,Normal,Normal
Slab,Short,Wid18,Bi,Fixed,p3,Mp,Bi4L,4,0.129349947,-1.045699737,-1.040565773,LognormalTF,Normal,Normal
Slab,Short,Wid18,Bi,Fixed,p3,Mp,Bi4L,6,-0.266070735,-1.118146392,-1.123715303,LognormalTF,Normal,Normal
Slab,Short,Wid18,Bi,Fixed,p3,Mp,Bi4L,8,0.184847489,-0.900066103,-0.528724609,gevGumbel,Normal,LognormalTF
Slab,Short,Wid18,Bi,Fixed,p3,Mp,Bi4L,10,0.299198739,-0.640635915,-0.380041419,gevGumbel,Normal,LognormalTF
Slab,Short,Wid18,Bi,Fixed,p3,Mn,Bi4L,4,-0.339289477,-1.514311467,-1.530662533,LognormalTF,gev,gev
Slab,Short,Wid18,Bi,Fixed,p3,Mn,Bi4L,6,0.330206499,-0.798589687,-0.741065641,gevGumbel,Normal,gev
Slab,Short,Wid18,Bi,Fixed,p3,Mn,Bi4L,8,0.747452979,-0.211647719,-0.405506858,gevGumbel,Normal,Normal
Slab,Short,Wid18,Bi,Fixed,p3,Mn,Bi4L,10,0.946381853,0.096572369,-0.150012833,gevGumbel,Normal,Normal
Slab,Short,Wid18,Bi,Fixed,p3,MxMid,Bi4L,4,-0.323762477,-1.792853948,-1.801423164,gevGumbel,gev,gev
Slab,Short,Wid18,Bi,Fixed,p3,MxMid,Bi4L,6,-0.323463185,-1.135948893,-1.101266368,gevGumbel,Lognormal,gev
Slab,Short,Wid18,Bi,Fixed,p3,MxMid,Bi4L,8,0.058137392,-0.627644748,-0.68215355,gevGumbel,LognormalTF,Lognormal
Slab,Short,Wid18,Bi,Fixed,p3,MxMid,Bi4L,10,0.40586629,-0.273070653,-0.309801088,gevGumbel,LognormalTF,LognormalTF
Slab,Short,Wid18,Bi,Fixed,p3,MxEdg,Bi4L,4,-0.350070311,-1.575391549,-1.590843473,LognormalTF,gev,gev
Slab,Short,Wid18,Bi,Fixed,p3,MxEdg,Bi4L,6,0.300482675,-0.834500931,-0.382138552,gevGumbel,Normal,LognormalTF
Slab,Short,Wid18,Bi,Fixed,p3,MxEdg,Bi4L,8,0.745661746,-0.217406846,-0.416575491,gevGumbel,Normal,Normal
Slab,Short,Wid18,Bi,Fixed,p3,MxEdg,Bi4L,10,0.708243759,0.065435995,-0.089229563,LognormalTF,gev,Normal
Slab,Short,Wid18,Bi,Semi,p1,V,Bi4L,4,-0.118301619,-0.927288376,-0.885676945,Lognormal,LognormalTF,Lognormal
Slab,Short,Wid18,Bi,Semi,p1,V,Bi4L,6,0.277751316,-0.379380897,-0.51124621,Lognormal,Normal,Lognormal
Slab,Short,Wid18,Bi,Semi,p1,V,Bi4L,8,0.872243162,-0.075440388,-0.281781169,LognormalTF,gev,Normal
Slab,Short,Wid18,Bi,Semi,p1,V,Bi4L,10,0.778881,0.081614827,-0.134613415,LognormalTF,gev,Normal
Slab,Short,Wid18,Bi,Semi,p1,Mp,Bi4L,4,0.010838048,-0.885967348,-0.9999871,gev,Normal,Normal
Slab,Short,Wid18,Bi,Semi,p1,Mp,Bi4L,6,0.250522153,-0.57362848,-0.467631624,LognormalTF,Normal,LognormalTF
Slab,Short,Wid18,Bi,Semi,p1,Mp,Bi4L,8,0.269438011,-0.240423209,-0.405187953,LognormalTF,Normal,LognormalTF
Slab,Short,Wid18,Bi,Semi,p1,Mp,Bi4L,10,0.390445127,0.013494967,-0.398378989,LognormalTF,Normal,Normal
Slab,Short,Wid18,Bi,Semi,p1,Mn,Bi4L,4,0.430528302,-1.015915615,-1.175486689,gevGumbel,Normal,Normal
Slab,Short,Wid18,Bi,Semi,p1,Mn,Bi4L,6,0.489063155,-0.143778207,-0.578463369,LognormalTF,Normal,Normal
Slab,Short,Wid18,Bi,Semi,p1,Mn,Bi4L,8,0.710351362,0.161927026,-0.139727022,LognormalTF,gev,Normal
Slab,Short,Wid18,Bi,Semi,p1,Mn,Bi4L,10,0.828980782,0.341439578,0.076592874,LognormalTF,gev,Normal
Slab,Short,Wid18,Bi,Semi,p1,MxMid,Bi4L,4,0.386069017,-1.156556119,-1.278898294,gevGumbel,Normal,Normal
Slab,Short,Wid18,Bi,Semi,p1,MxMid,Bi4L,6,0.521284931,-0.385318143,-0.331935028,gevGumbel,LognormalTF,gevGumbel
Slab,Short,Wid18,Bi,Semi,p1,MxMid,Bi4L,8,1.082466749,0.13616786,-0.222529376,gevGumbel,Normal,Lognormal
Slab,Short,Wid18,Bi,Semi,p1,MxMid,Bi4L,10,1.329653364,0.31958836,0.046202417,gevGumbel,gev,LognormalTF
Slab,Short,Wid18,Bi,Semi,p1,MxEdg,Bi4L,4,0.406666957,-1.065712717,-1.234318052,gevGumbel,Normal,Normal
Slab,Short,Wid18,Bi,Semi,p1,MxEdg,Bi4L,6,0.568210602,-0.101649149,-0.529052626,LognormalTF,Normal,Normal
Slab,Short,Wid18,Bi,Semi,p1,MxEdg,Bi4L,8,0.756677006,0.20281402,-0.105587702,LognormalTF,gev,Normal
Slab,Short,Wid18,Bi,Semi,p1,MxEdg,Bi4L,10,1.158080409,0.535411408,0.278715157,LognormalTF,gev,Normal
Slab,Short,Wid18,Bi,Semi,p2,V,Bi4L,4,-0.078554644,-1.092877176,-0.868510375,gevGumbel,Lognormal,gevGumbel
Slab,Short,Wid18,Bi,Semi,p2,V,Bi4L,6,0.289819665,-0.519928213,-0.54481029,LognormalTF,Normal,LognormalTF
Slab,Short,Wid18,Bi,Semi,p2,V,Bi4L,8,0.428901408,-0.269160127,-0.498602787,LognormalTF,gev,Normal
Slab,Short,Wid18,Bi,Semi,p2,V,Bi4L,10,0.49130202,-0.082434392,-0.325313146,LognormalTF,gev,Normal
Slab,Short,Wid18,Bi,Semi,p2,Mp,Bi4L,4,-0.057350704,-0.923758192,-0.986215648,LognormalTF,LognormalTF,LognormalTF
Slab,Short,Wid18,Bi,Semi,p2,Mp,Bi4L,6,-0.25189761,-0.986156046,-0.924279624,LognormalTF,Normal,LognormalTF
Slab,Short,Wid18,Bi,Semi,p2,Mp,Bi4L,8,-0.085979151,-0.59597235,-0.70006883,LognormalTF,Normal,LognormalTF
Slab,Short,Wid18,Bi,Semi,p2,Mp,Bi4L,10,0.078344237,-0.323167577,-0.482905935,LognormalTF,Normal,LognormalTF
Slab,Short,Wid18,Bi,Semi,p2,Mn,Bi4L,4,-0.204384755,-0.976990009,-1.08695642,LognormalTF,LognormalTF,LognormalTF
Slab,Short,Wid18,Bi,Semi,p2,Mn,Bi4L,6,0.098889051,-0.452130683,-0.563568179,LognormalTF,Normal,LognormalTF
Slab,Short,Wid18,Bi,Semi,p2,Mn,Bi4L,8,0.48378353,-0.005029306,-0.291602308,LognormalTF,gev,Normal
Slab,Short,Wid18,Bi,Semi,p2,Mn,Bi4L,10,0.650485083,0.203402221,-0.042661741,LognormalTF,gev,Normal
Slab,Short,Wid18,Bi,Semi,p2,MxMid,Bi4L,4,-0.062532979,-0.62204877,-0.79458884,LognormalTF,LognormalTF,Lognormal
Slab,Short,Wid18,Bi,Semi,p2,MxMid,Bi4L,6,1.007849234,-0.011179325,-0.336629395,gevGumbel,Normal,Lognormal
Slab,Short,Wid18,Bi,Semi,p2,MxMid,Bi4L,8,1.130826523,0.3715765,0.055045087,Lognormal,gev,LognormalTF
Slab,Short,Wid18,Bi,Semi,p2,MxMid,Bi4L,10,1.131962381,0.416116199,0.176191184,Lognormal,gev,LognormalTF
Slab,Short,Wid18,Bi,Semi,p2,MxEdg,Bi4L,4,-0.030668326,-0.843027578,-0.962162418,LognormalTF,LognormalTF,LognormalTF
Slab,Short,Wid18,Bi,Semi,p2,MxEdg,Bi4L,6,0.028477771,-0.544243069,-0.634028219,LognormalTF,Normal,LognormalTF
Slab,Short,Wid18,Bi,Semi,p2,MxEdg,Bi4L,8,0.45842877,-0.036352736,-0.322517381,LognormalTF,gev,Normal
Slab,Short,Wid18,Bi,Semi,p2,MxEdg,Bi4L,10,0.708155719,0.233305941,-0.024645467,LognormalTF,gev,Normal
Slab,Short,Wid18,Bi,Semi,p3,V,Bi4L,4,-0.318803422,-1.528093436,-1.551859903,LognormalTF,gev,gev
Slab,Short,Wid18,Bi,Semi,p3,V,Bi4L,6,-0.093946475,-1.041198016,-1.026885322,LognormalTF,Normal,gev
Slab,Short,Wid18,Bi,Semi,p3,V,Bi4L,8,0.169622573,-0.581700107,-0.656692056,LognormalTF,Normal,gev
Slab,Short,Wid18,Bi,Semi,p3,V,Bi4L,10,0.228913712,-0.357176569,-0.531639842,LognormalTF,Normal,Normal
Slab,Short,Wid18,Bi,Semi,p3,Mp,Bi4L,4,-0.244963289,-1.196260843,-1.192782663,LognormalTF,Normal,Normal
Slab,Short,Wid18,Bi,Semi,p3,Mp,Bi4L,6,0.153776938,-0.584926666,-1.009240019,gevGumbel,LognormalTF,Normal
Slab,Short,Wid18,Bi,Semi,p3,Mp,Bi4L,8,0.27534501,-0.381460555,-0.402658174,gevGumbel,LognormalTF,LognormalTF
Slab,Short,Wid18,Bi,Semi,p3,Mp,Bi4L,10,0.4209091,-0.397377176,-0.24771417,gevGumbel,Normal,LognormalTF
Slab,Short,Wid18,Bi,Semi,p3,Mn,Bi4L,4,-0.140419106,-1.305775001,-1.322813853,gevGumbel,gev,gev
Slab,Short,Wid18,Bi,Semi,p3,Mn,Bi4L,6,0.406763686,-0.597319777,-0.269197177,gevGumbel,Normal,LognormalTF
Slab,Short,Wid18,Bi,Semi,p3,Mn,Bi4L,8,0.757660321,-0.101287267,-0.312692187,gevGumbel,Normal,Normal
Slab,Short,Wid18,Bi,Semi,p3,Mn,Bi4L,10,0.596696109,0.067606611,-0.078694687,LognormalTF,gev,Normal
Slab,Short,Wid18,Bi,Semi,p3,MxMid,Bi4L,4,-0.513979939,-1.365264534,-1.279240853,gevGumbel,gev,LognormalTF
Slab,Short,Wid18,Bi,Semi,p3,MxMid,Bi4L,6,-0.127025773,-0.83149909,-0.956949538,gevGumbel,LognormalTF,gev
Slab,Short,Wid18,Bi,Semi,p3,MxMid,Bi4L,8,0.289729269,-0.395710311,-0.447053277,gevGumbel,LognormalTF,Lognormal
Slab,Short,Wid18,Bi,Semi,p3,MxMid,Bi4L,10,0.58229092,-0.324153117,-0.354638129,gevGumbel,Normal,gev
Slab,Short,Wid18,Bi,Semi,p3,MxEdg,Bi4L,4,-0.214213819,-1.428987486,-1.446240281,gevGumbel,gev,gev
Slab,Short,Wid18,Bi,Semi,p3,MxEdg,Bi4L,6,0.367029956,-0.660289007,-0.319228461,gevGumbel,Normal,LognormalTF
Slab,Short,Wid18,Bi,Semi,p3,MxEdg,Bi4L,8,0.791664343,-0.084826177,-0.308000404,gevGumbel,Normal,Normal
Slab,Short,Wid18,Bi,Semi,p3,MxEdg,Bi4L,10,0.808320204,0.210113112,0.045821913,LognormalTF,gev,Normal
